run,subrun,beam_type,is_cosmic,t_start,t_end,t_start_unix,t_end_unix,hours,events,t_source
run_67,m141On_dr600_r550_000,neutrons,False,2026-07-22 22:41:00,2026-07-22 22:51:00,1784752860.0,1784753460.0,0.1666666666666666,10305,runctrl
run_67,m113On_dr600_r550_001,neutrons,False,2026-07-22 22:52:00,2026-07-22 23:02:00,1784753520.0,1784754120.0,0.1666666666666666,12394,runctrl
run_67,m090On_dr600_r550_002,neutrons,False,2026-07-22 23:02:00,2026-07-22 23:12:00,1784754120.0,1784754720.0,0.1666666666666666,13606,runctrl
run_67,m141On_dr600_r545_003,neutrons,False,2026-07-22 23:13:00,2026-07-22 23:23:00,1784754780.0,1784755380.0,0.1666666666666666,10129,runctrl
run_67,m113On_dr600_r545_004,neutrons,False,2026-07-22 23:23:00,2026-07-22 23:33:00,1784755380.0,1784755980.0,0.1666666666666666,12395,runctrl
run_67,m090On_dr600_r545_005,neutrons,False,2026-07-22 23:34:00,2026-07-22 23:44:00,1784756040.0,1784756640.0,0.1666666666666666,13489,runctrl
run_67,m141On_dr600_r540_006,neutrons,False,2026-07-22 23:44:00,2026-07-22 23:54:00,1784756640.0,1784757240.0,0.1666666666666666,10159,runctrl
run_67,m113On_dr600_r540_007,neutrons,False,2026-07-22 23:54:00,2026-07-23 00:04:00,1784757240.0,1784757840.0,0.1666666666666666,12231,runctrl
run_67,m090On_dr600_r540_008,neutrons,False,2026-07-23 00:05:00,2026-07-23 00:15:00,1784757900.0,1784758500.0,0.1666666666666666,13492,runctrl
run_67,m141On_dr600_r535_009,neutrons,False,2026-07-23 00:16:00,2026-07-23 00:26:00,1784758560.0,1784759160.0,0.1666666666666666,10278,runctrl
run_67,m113On_dr600_r535_010,neutrons,False,2026-07-23 00:26:00,2026-07-23 00:36:00,1784759160.0,1784759760.0,0.1666666666666666,12402,runctrl
run_67,m090On_dr600_r535_011,neutrons,False,2026-07-23 00:36:00,2026-07-23 00:46:00,1784759760.0,1784760360.0,0.1666666666666666,13360,runctrl
run_67,m141On_dr600_r530_012,neutrons,False,2026-07-23 00:47:00,2026-07-23 00:57:00,1784760420.0,1784761020.0,0.1666666666666666,10248,runctrl
run_67,m113On_dr600_r530_013,neutrons,False,2026-07-23 00:57:00,2026-07-23 01:07:00,1784761020.0,1784761620.0,0.1666666666666666,12215,runctrl
run_67,m090On_dr600_r530_014,neutrons,False,2026-07-23 01:08:00,2026-07-23 01:18:00,1784761680.0,1784762280.0,0.1666666666666666,13259,runctrl
run_67,m141On_dr600_r525_015,neutrons,False,2026-07-23 01:18:00,2026-07-23 01:28:00,1784762280.0,1784762880.0,0.1666666666666666,10255,runctrl
run_67,m113On_dr600_r525_016,neutrons,False,2026-07-23 01:29:00,2026-07-23 01:39:00,1784762940.0,1784763540.0,0.1666666666666666,12225,runctrl
run_67,m090On_dr600_r525_017,neutrons,False,2026-07-23 01:39:00,2026-07-23 01:49:00,1784763540.0,1784764140.0,0.1666666666666666,13453,runctrl
run_67,m141On_dr600_r520_018,neutrons,False,2026-07-23 01:50:00,2026-07-23 02:00:00,1784764200.0,1784764800.0,0.1666666666666666,10262,runctrl
run_67,m113On_dr600_r520_019,neutrons,False,2026-07-23 02:00:00,2026-07-23 02:10:00,1784764800.0,1784765400.0,0.1666666666666666,12293,runctrl
run_67,m090On_dr600_r520_020,neutrons,False,2026-07-23 02:11:00,2026-07-23 02:21:00,1784765460.0,1784766060.0,0.1666666666666666,13535,runctrl
run_67,m141On_dr700_r550_021,neutrons,False,2026-07-23 02:22:00,2026-07-23 02:32:00,1784766120.0,1784766720.0,0.1666666666666666,10311,runctrl
run_67,m113On_dr700_r550_022,neutrons,False,2026-07-23 02:32:00,2026-07-23 02:42:00,1784766720.0,1784767320.0,0.1666666666666666,12280,runctrl
run_67,m090On_dr700_r550_023,neutrons,False,2026-07-23 02:42:00,2026-07-23 02:52:00,1784767320.0,1784767920.0,0.1666666666666666,13650,runctrl
run_67,m141On_dr700_r545_024,neutrons,False,2026-07-23 02:53:00,2026-07-23 03:03:00,1784767980.0,1784768580.0,0.1666666666666666,10013,runctrl
run_67,m113On_dr700_r545_025,neutrons,False,2026-07-23 03:03:00,2026-07-23 03:13:00,1784768580.0,1784769180.0,0.1666666666666666,11789,runctrl
run_67,m090On_dr700_r545_026,neutrons,False,2026-07-23 03:14:00,2026-07-23 03:24:00,1784769240.0,1784769840.0,0.1666666666666666,13556,runctrl
run_67,m141On_dr700_r540_027,neutrons,False,2026-07-23 03:24:00,2026-07-23 03:34:00,1784769840.0,1784770440.0,0.1666666666666666,10382,runctrl
run_67,m113On_dr700_r540_028,neutrons,False,2026-07-23 03:35:00,2026-07-23 03:45:00,1784770500.0,1784771100.0,0.1666666666666666,12180,runctrl
run_67,m090On_dr700_r540_029,neutrons,False,2026-07-23 03:45:00,2026-07-23 03:55:00,1784771100.0,1784771700.0,0.1666666666666666,13381,runctrl
run_67,m141On_dr700_r535_030,neutrons,False,2026-07-23 03:56:00,2026-07-23 04:06:00,1784771760.0,1784772360.0,0.1666666666666666,10212,runctrl
run_67,m113On_dr700_r535_031,neutrons,False,2026-07-23 04:06:00,2026-07-23 04:16:00,1784772360.0,1784772960.0,0.1666666666666666,12210,runctrl
run_67,m090On_dr700_r535_032,neutrons,False,2026-07-23 04:17:00,2026-07-23 04:27:00,1784773020.0,1784773620.0,0.1666666666666666,13586,runctrl
run_67,m141On_dr700_r530_033,neutrons,False,2026-07-23 04:27:00,2026-07-23 04:37:00,1784773620.0,1784774220.0,0.1666666666666666,10278,runctrl
run_67,m113On_dr700_r530_034,neutrons,False,2026-07-23 04:38:00,2026-07-23 04:48:00,1784774280.0,1784774880.0,0.1666666666666666,11981,runctrl
run_67,m090On_dr700_r530_035,neutrons,False,2026-07-23 04:48:00,2026-07-23 04:58:00,1784774880.0,1784775480.0,0.1666666666666666,13442,runctrl
run_67,m141On_dr700_r525_036,neutrons,False,2026-07-23 04:59:00,2026-07-23 05:09:00,1784775540.0,1784776140.0,0.1666666666666666,10273,runctrl
run_67,m113On_dr700_r525_037,neutrons,False,2026-07-23 05:09:00,2026-07-23 05:19:00,1784776140.0,1784776740.0,0.1666666666666666,12360,runctrl
run_67,m090On_dr700_r525_038,neutrons,False,2026-07-23 05:19:00,2026-07-23 05:29:00,1784776740.0,1784777340.0,0.1666666666666666,13288,runctrl
run_67,m141On_dr700_r520_039,neutrons,False,2026-07-23 05:30:00,2026-07-23 05:40:00,1784777400.0,1784778000.0,0.1666666666666666,10153,runctrl
run_67,m113On_dr700_r520_040,neutrons,False,2026-07-23 05:40:00,2026-07-23 05:50:00,1784778000.0,1784778600.0,0.1666666666666666,11765,runctrl
run_67,m090On_dr700_r520_041,neutrons,False,2026-07-23 05:51:00,2026-07-23 06:01:00,1784778660.0,1784779260.0,0.1666666666666666,14111,runctrl
run_67,m141On_dr500_r550_042,neutrons,False,2026-07-23 06:02:00,2026-07-23 06:12:00,1784779320.0,1784779920.0,0.1666666666666666,10682,runctrl
run_67,m113On_dr500_r550_043,neutrons,False,2026-07-23 06:12:00,2026-07-23 06:22:00,1784779920.0,1784780520.0,0.1666666666666666,12995,runctrl
run_67,m090On_dr500_r550_044,neutrons,False,2026-07-23 06:22:00,2026-07-23 06:32:00,1784780520.0,1784781120.0,0.1666666666666666,14014,runctrl
run_67,m141On_dr500_r545_045,neutrons,False,2026-07-23 06:33:00,2026-07-23 06:43:00,1784781180.0,1784781780.0,0.1666666666666666,10677,runctrl
run_67,m113On_dr500_r545_046,neutrons,False,2026-07-23 06:43:00,2026-07-23 06:53:00,1784781780.0,1784782380.0,0.1666666666666666,12847,runctrl
run_67,m090On_dr500_r545_047,neutrons,False,2026-07-23 06:54:00,2026-07-23 07:04:00,1784782440.0,1784783040.0,0.1666666666666666,14214,runctrl
run_67,m141On_dr500_r540_048,neutrons,False,2026-07-23 07:04:00,2026-07-23 07:14:00,1784783040.0,1784783640.0,0.1666666666666666,10721,runctrl
run_67,m113On_dr500_r540_049,neutrons,False,2026-07-23 07:15:00,2026-07-23 07:25:00,1784783700.0,1784784300.0,0.1666666666666666,12927,runctrl
run_67,m090On_dr500_r540_050,neutrons,False,2026-07-23 07:25:00,2026-07-23 07:35:00,1784784300.0,1784784900.0,0.1666666666666666,13634,runctrl
run_67,m141On_dr500_r535_051,neutrons,False,2026-07-23 07:36:00,2026-07-23 07:46:00,1784784960.0,1784785560.0,0.1666666666666666,10908,runctrl
run_67,m113On_dr500_r535_052,neutrons,False,2026-07-23 07:46:00,2026-07-23 07:56:00,1784785560.0,1784786160.0,0.1666666666666666,12812,runctrl
run_67,m090On_dr500_r535_053,neutrons,False,2026-07-23 07:57:00,2026-07-23 08:07:00,1784786220.0,1784786820.0,0.1666666666666666,13911,runctrl
run_67,m141On_dr500_r530_054,neutrons,False,2026-07-23 08:07:00,2026-07-23 08:17:00,1784786820.0,1784787420.0,0.1666666666666666,10751,runctrl
run_67,m113On_dr500_r530_055,neutrons,False,2026-07-23 08:18:00,2026-07-23 08:28:00,1784787480.0,1784788080.0,0.1666666666666666,12771,runctrl
run_67,m090On_dr500_r530_056,neutrons,False,2026-07-23 08:28:00,2026-07-23 08:38:00,1784788080.0,1784788680.0,0.1666666666666666,14283,runctrl
run_67,m141On_dr500_r525_057,neutrons,False,2026-07-23 08:39:00,2026-07-23 08:49:00,1784788740.0,1784789340.0,0.1666666666666666,10828,runctrl
run_67,m113On_dr500_r525_058,neutrons,False,2026-07-23 08:49:00,2026-07-23 08:59:00,1784789340.0,1784789940.0,0.1666666666666666,10680,runctrl
run_67,m090On_dr500_r525_059,neutrons,False,2026-07-23 08:59:00,2026-07-23 09:09:00,1784789940.0,1784790540.0,0.1666666666666666,9748,runctrl
run_67,m141On_dr500_r520_060,neutrons,False,2026-07-23 09:10:00,2026-07-23 09:20:00,1784790600.0,1784791200.0,0.1666666666666666,7477,runctrl
run_67,m113On_dr500_r520_061,neutrons,False,2026-07-23 09:20:00,2026-07-23 09:30:00,1784791200.0,1784791800.0,0.1666666666666666,9575,runctrl
run_67,m090On_dr500_r520_062,neutrons,False,2026-07-23 09:31:00,2026-07-23 09:41:00,1784791860.0,1784792460.0,0.1666666666666666,10155,runctrl
run_67,m141On_dr400_r550_063,neutrons,False,2026-07-23 09:42:00,2026-07-23 09:52:00,1784792520.0,1784793120.0,0.1666666666666666,7623,runctrl
run_67,m113On_dr400_r550_064,neutrons,False,2026-07-23 09:52:00,2026-07-23 10:02:00,1784793120.0,1784793720.0,0.1666666666666666,471,runctrl
run_68,cos_000_r570_c00,cosmics,True,2026-07-23 14:54:00,2026-07-23 15:04:00,1784811240.0,1784811840.0,0.1666666666666666,13542,runctrl
run_68,cos_001_r560_c00,cosmics,True,2026-07-23 15:04:00,2026-07-23 15:14:00,1784811840.0,1784812440.0,0.1666666666666666,13747,runctrl
run_68,cos_002_r550_c00,cosmics,True,2026-07-23 15:15:00,2026-07-23 15:25:00,1784812500.0,1784813100.0,0.1666666666666666,13658,runctrl
run_68,cos_003_r540_c00,cosmics,True,2026-07-23 15:38:00,2026-07-23 15:48:00,1784813880.0,1784814480.0,0.1666666666666666,0,runctrl
run_68,cos_004_r530_c00,cosmics,True,2026-07-23 15:48:00,2026-07-23 15:58:00,1784814480.0,1784815080.0,0.1666666666666666,2,runctrl
run_68,cos_005_r520_c00,cosmics,True,2026-07-23 16:08:00,2026-07-23 16:18:00,1784815680.0,1784816280.0,0.1666666666666666,10229,runctrl
run_69,m090On_new_a_000,neutrons,False,2026-07-23 17:27:00,2026-07-23 17:31:00,1784820420.0,1784820660.0,0.0666666666666666,3141,runctrl
run_69,m090On_old_a_001,neutrons,False,2026-07-23 17:32:00,2026-07-23 17:36:00,1784820720.0,1784820960.0,0.0666666666666666,3486,runctrl
run_69,m090On_new_b_002,neutrons,False,2026-07-23 17:36:00,2026-07-23 17:40:00,1784820960.0,1784821200.0,0.0666666666666666,3411,runctrl
run_69,m090On_old_b_003,neutrons,False,2026-07-23 17:41:00,2026-07-23 17:45:00,1784821260.0,1784821500.0,0.0666666666666666,3647,runctrl
run_69,m090On_n_ipd2_004,neutrons,False,2026-07-23 17:45:00,2026-07-23 17:49:00,1784821500.0,1784821740.0,0.0666666666666666,326,runctrl
run_69,m090On_new_c_005,neutrons,False,2026-07-23 17:49:00,2026-07-23 17:53:00,1784821740.0,1784821980.0,0.0666666666666666,2957,runctrl
run_70,m200On_mip2p00_000,neutrons,False,2026-07-23 17:56:00,2026-07-23 18:00:00,1784822160.0,1784822400.0,0.0666666666666666,2254,runctrl
run_70,m141On_mip1p41_001,neutrons,False,2026-07-23 18:01:00,2026-07-23 18:05:00,1784822460.0,1784822700.0,0.0666666666666666,4607,runctrl
run_70,m113On_mip1p13_002,neutrons,False,2026-07-23 18:05:00,2026-07-23 18:09:00,1784822700.0,1784822940.0,0.0666666666666666,5481,runctrl
run_70,m090On_mip0p90_003,neutrons,False,2026-07-23 18:10:00,2026-07-23 18:14:00,1784823000.0,1784823240.0,0.0666666666666666,5893,runctrl
run_70,m070On_mip0p70_004,neutrons,False,2026-07-23 18:14:00,2026-07-23 18:18:00,1784823240.0,1784823480.0,0.0666666666666666,6253,runctrl
run_70,m050On_mip0p50_005,neutrons,False,2026-07-23 18:19:00,2026-07-23 18:23:00,1784823540.0,1784823780.0,0.0666666666666666,6495,runctrl
run_70,m141On_mip1p41_006,neutrons,False,2026-07-23 18:23:00,2026-07-23 18:27:00,1784823780.0,1784824020.0,0.0666666666666666,4643,runctrl
run_71,acmeshOn_dr700_ri0_0000,neutrons,False,2026-07-23 18:46:00,2026-07-23 19:01:00,1784825160.0,1784826060.0,0.25,17037,runctrl
run_71,acmeshOff_dr700_ri0_0001,neutrons,False,2026-07-23 19:01:00,2026-07-23 19:16:00,1784826060.0,1784826960.0,0.25,17096,runctrl
run_71,acmeshOn_dr700_ri1_0002,neutrons,False,2026-07-23 19:17:00,2026-07-23 19:32:00,1784827020.0,1784827920.0,0.25,17116,runctrl
run_71,acmeshOff_dr700_ri1_0003,neutrons,False,2026-07-23 19:32:00,2026-07-23 19:47:00,1784827920.0,1784828820.0,0.25,16882,runctrl
run_71,acmeshOn_dr700_ri2_0004,neutrons,False,2026-07-23 19:48:00,2026-07-23 20:03:00,1784828880.0,1784829780.0,0.25,16911,runctrl
run_71,acmeshOff_dr700_ri2_0005,neutrons,False,2026-07-23 20:03:00,2026-07-23 20:18:00,1784829780.0,1784830680.0,0.25,17003,runctrl
run_71,acmeshOn_dr700_ri3_0006,neutrons,False,2026-07-23 20:19:00,2026-07-23 20:34:00,1784830740.0,1784831640.0,0.25,16987,runctrl
run_71,acmeshOff_dr700_ri3_0007,neutrons,False,2026-07-23 20:34:00,2026-07-23 20:49:00,1784831640.0,1784832540.0,0.25,16762,runctrl
run_71,acmeshOn_dr600_ri0_0008,neutrons,False,2026-07-23 20:50:00,2026-07-23 21:05:00,1784832600.0,1784833500.0,0.25,16988,runctrl
run_71,acmeshOff_dr600_ri0_0009,neutrons,False,2026-07-23 21:05:00,2026-07-23 21:20:00,1784833500.0,1784834400.0,0.25,16969,runctrl
run_71,acmeshOn_dr600_ri1_0010,neutrons,False,2026-07-23 21:21:00,2026-07-23 21:36:00,1784834460.0,1784835360.0,0.25,16907,runctrl
run_71,acmeshOff_dr600_ri1_0011,neutrons,False,2026-07-23 21:36:00,2026-07-23 21:51:00,1784835360.0,1784836260.0,0.25,17005,runctrl
run_71,acmeshOn_dr600_ri2_0012,neutrons,False,2026-07-23 21:52:00,2026-07-23 22:07:00,1784836320.0,1784837220.0,0.25,11345,runctrl
run_71,acmeshOff_dr600_ri2_0013,neutrons,False,2026-07-23 22:20:00,2026-07-23 22:35:00,1784838000.0,1784838900.0,0.25,17165,runctrl
run_71,acmeshOn_dr600_ri3_0014,neutrons,False,2026-07-23 22:36:00,2026-07-23 22:51:00,1784838960.0,1784839860.0,0.25,16722,runctrl
run_71,acmeshOff_dr600_ri3_0015,neutrons,False,2026-07-23 22:51:00,2026-07-23 23:06:00,1784839860.0,1784840760.0,0.25,16858,runctrl
run_71,acmeshOn_dr700_ri0_0016,neutrons,False,2026-07-23 23:07:00,2026-07-23 23:22:00,1784840820.0,1784841720.0,0.25,16917,runctrl
run_71,acmeshOff_dr700_ri0_0017,neutrons,False,2026-07-23 23:23:00,2026-07-23 23:38:00,1784841780.0,1784842680.0,0.25,16538,runctrl
run_71,acmeshOn_dr700_ri1_0018,neutrons,False,2026-07-23 23:38:00,2026-07-23 23:53:00,1784842680.0,1784843580.0,0.25,17119,runctrl
run_71,acmeshOff_dr700_ri1_0019,neutrons,False,2026-07-23 23:54:00,2026-07-24 00:09:00,1784843640.0,1784844540.0,0.25,16753,runctrl
run_71,acmeshOn_dr700_ri2_0020,neutrons,False,2026-07-24 00:09:00,2026-07-24 00:24:00,1784844540.0,1784845440.0,0.25,13678,runctrl
run_71,acmeshOff_dr700_ri2_0021,neutrons,False,2026-07-24 00:25:00,2026-07-24 00:40:00,1784845500.0,1784846400.0,0.25,16963,runctrl
run_71,acmeshOn_dr700_ri3_0022,neutrons,False,2026-07-24 00:41:00,2026-07-24 00:56:00,1784846460.0,1784847360.0,0.25,17046,runctrl
run_71,acmeshOff_dr700_ri3_0023,neutrons,False,2026-07-24 00:56:00,2026-07-24 01:11:00,1784847360.0,1784848260.0,0.25,17030,runctrl
run_71,acmeshOn_dr600_ri0_0024,neutrons,False,2026-07-24 01:12:00,2026-07-24 01:27:00,1784848320.0,1784849220.0,0.25,16993,runctrl
run_71,acmeshOff_dr600_ri0_0025,neutrons,False,2026-07-24 01:27:00,2026-07-24 01:42:00,1784849220.0,1784850120.0,0.25,16944,runctrl
run_71,acmeshOn_dr600_ri1_0026,neutrons,False,2026-07-24 01:43:00,2026-07-24 01:58:00,1784850180.0,1784851080.0,0.25,16864,runctrl
run_71,acmeshOff_dr600_ri1_0027,neutrons,False,2026-07-24 01:58:00,2026-07-24 02:13:00,1784851080.0,1784851980.0,0.25,16942,runctrl
run_71,acmeshOn_dr600_ri2_0028,neutrons,False,2026-07-24 02:14:00,2026-07-24 02:29:00,1784852040.0,1784852940.0,0.25,17128,runctrl
run_71,acmeshOff_dr600_ri2_0029,neutrons,False,2026-07-24 02:29:00,2026-07-24 02:44:00,1784852940.0,1784853840.0,0.25,17024,runctrl
run_71,acmeshOn_dr600_ri3_0030,neutrons,False,2026-07-24 02:45:00,2026-07-24 03:00:00,1784853900.0,1784854800.0,0.25,16906,runctrl
run_71,acmeshOff_dr600_ri3_0031,neutrons,False,2026-07-24 03:00:00,2026-07-24 03:15:00,1784854800.0,1784855700.0,0.25,17146,runctrl
run_71,acmeshOn_dr700_ri0_0032,neutrons,False,2026-07-24 03:16:00,2026-07-24 03:31:00,1784855760.0,1784856660.0,0.25,16861,runctrl
run_71,acmeshOff_dr700_ri0_0033,neutrons,False,2026-07-24 03:32:00,2026-07-24 03:47:00,1784856720.0,1784857620.0,0.25,17063,runctrl
run_71,acmeshOn_dr700_ri1_0034,neutrons,False,2026-07-24 03:47:00,2026-07-24 04:02:00,1784857620.0,1784858520.0,0.25,16948,runctrl
run_71,acmeshOff_dr700_ri1_0035,neutrons,False,2026-07-24 04:02:00,2026-07-24 04:17:00,1784858520.0,1784859420.0,0.25,17063,runctrl
run_71,acmeshOn_dr700_ri2_0036,neutrons,False,2026-07-24 04:18:00,2026-07-24 04:33:00,1784859480.0,1784860380.0,0.25,17113,runctrl
run_71,acmeshOff_dr700_ri2_0037,neutrons,False,2026-07-24 04:33:00,2026-07-24 04:48:00,1784860380.0,1784861280.0,0.25,17094,runctrl
run_71,acmeshOn_dr700_ri3_0038,neutrons,False,2026-07-24 04:49:00,2026-07-24 05:04:00,1784861340.0,1784862240.0,0.25,17214,runctrl
run_71,acmeshOff_dr700_ri3_0039,neutrons,False,2026-07-24 05:04:00,2026-07-24 05:19:00,1784862240.0,1784863140.0,0.25,16830,runctrl
run_71,acmeshOn_dr600_ri0_0040,neutrons,False,2026-07-24 05:20:00,2026-07-24 05:35:00,1784863200.0,1784864100.0,0.25,17136,runctrl
run_71,acmeshOff_dr600_ri0_0041,neutrons,False,2026-07-24 05:35:00,2026-07-24 05:50:00,1784864100.0,1784865000.0,0.25,16993,runctrl
run_71,acmeshOn_dr600_ri1_0042,neutrons,False,2026-07-24 05:51:00,2026-07-24 06:06:00,1784865060.0,1784865960.0,0.25,16870,runctrl
run_71,acmeshOff_dr600_ri1_0043,neutrons,False,2026-07-24 06:06:00,2026-07-24 06:21:00,1784865960.0,1784866860.0,0.25,17071,runctrl
run_71,acmeshOn_dr600_ri2_0044,neutrons,False,2026-07-24 06:22:00,2026-07-24 06:37:00,1784866920.0,1784867820.0,0.25,17033,runctrl
run_71,acmeshOff_dr600_ri2_0045,neutrons,False,2026-07-24 06:37:00,2026-07-24 06:52:00,1784867820.0,1784868720.0,0.25,17009,runctrl
run_71,acmeshOn_dr600_ri3_0046,neutrons,False,2026-07-24 06:53:00,2026-07-24 07:08:00,1784868780.0,1784869680.0,0.25,16976,runctrl
run_71,acmeshOff_dr600_ri3_0047,neutrons,False,2026-07-24 07:08:00,2026-07-24 07:23:00,1784869680.0,1784870580.0,0.25,17101,runctrl
run_71,acmeshOn_dr700_ri0_0048,neutrons,False,2026-07-24 07:24:00,2026-07-24 07:39:00,1784870640.0,1784871540.0,0.25,17089,runctrl
run_71,acmeshOff_dr700_ri0_0049,neutrons,False,2026-07-24 07:40:00,2026-07-24 07:55:00,1784871600.0,1784872500.0,0.25,17306,runctrl
run_71,acmeshOn_dr700_ri1_0050,neutrons,False,2026-07-24 07:55:00,2026-07-24 08:10:00,1784872500.0,1784873400.0,0.25,12774,runctrl
run_71,acmeshOff_dr700_ri1_0051,neutrons,False,2026-07-24 08:11:00,2026-07-24 08:26:00,1784873460.0,1784874360.0,0.25,16691,runctrl
run_71,acmeshOn_dr700_ri2_0052,neutrons,False,2026-07-24 08:26:00,2026-07-24 08:41:00,1784874360.0,1784875260.0,0.25,16718,runctrl
run_71,acmeshOff_dr700_ri2_0053,neutrons,False,2026-07-24 08:42:00,2026-07-24 08:57:00,1784875320.0,1784876220.0,0.25,16386,runctrl
run_71,acmeshOn_dr700_ri3_0054,neutrons,False,2026-07-24 08:57:00,2026-07-24 09:12:00,1784876220.0,1784877120.0,0.25,16620,runctrl
run_71,acmeshOff_dr700_ri3_0055,neutrons,False,2026-07-24 09:13:00,2026-07-24 09:28:00,1784877180.0,1784878080.0,0.25,16646,runctrl
run_71,acmeshOn_dr600_ri0_0056,neutrons,False,2026-07-24 09:29:00,2026-07-24 09:44:00,1784878140.0,1784879040.0,0.25,16670,runctrl
run_71,acmeshOff_dr600_ri0_0057,neutrons,False,2026-07-24 09:44:00,2026-07-24 09:59:00,1784879040.0,1784879940.0,0.25,16537,runctrl
run_71,acmeshOn_dr600_ri1_0058,neutrons,False,2026-07-24 10:00:00,2026-07-24 10:15:00,1784880000.0,1784880900.0,0.25,15808,runctrl
run_72,cosbounce_r560_c00_000,cosmics,True,2026-07-24 10:08:00,2026-07-24 10:23:00,1784880480.0,1784881380.0,0.25,23000,runctrl
run_72,cosbounce_r530_c00_001,cosmics,True,2026-07-24 10:24:00,2026-07-24 10:39:00,1784881440.0,1784882340.0,0.25,23072,runctrl
run_72,cosbounce_r545_c00_002,unknown,False,2026-07-24 10:39:00,2026-07-24 11:39:00,1784882340.0,1784885940.0,1.0,22781,runctrl
run_72,cosbounce_r560_c01_003,cosmics,True,2026-07-24 10:55:00,2026-07-24 11:10:00,1784883300.0,1784884200.0,0.25,22840,runctrl
run_72,cosbounce_r530_c01_004,cosmics,True,2026-07-24 11:10:00,2026-07-24 11:25:00,1784884200.0,1784885100.0,0.25,20195,runctrl
run_71,acmeshOff_dr600_ri1_0059,neutrons,False,2026-07-24 11:49:00,2026-07-24 12:04:00,1784886540.0,1784887440.0,0.25,12985,runctrl
run_71,acmeshOn_dr600_ri2_0060,neutrons,False,2026-07-24 12:05:00,2026-07-24 12:20:00,1784887500.0,1784888400.0,0.25,13114,runctrl
run_71,acmeshOff_dr600_ri2_0061,neutrons,False,2026-07-24 12:20:00,2026-07-24 12:35:00,1784888400.0,1784889300.0,0.25,12793,runctrl
run_71,acmeshOn_dr600_ri3_0062,neutrons,False,2026-07-24 12:36:00,2026-07-24 12:51:00,1784889360.0,1784890260.0,0.25,12617,runctrl
run_71,acmeshOff_dr600_ri3_0063,neutrons,False,2026-07-24 12:52:00,2026-07-24 13:07:00,1784890320.0,1784891220.0,0.25,12859,runctrl
run_71,acmeshOn_dr700_ri0_0064,neutrons,False,2026-07-24 13:08:00,2026-07-24 13:23:00,1784891280.0,1784892180.0,0.25,12795,runctrl
run_71,acmeshOff_dr700_ri0_0065,neutrons,False,2026-07-24 13:23:00,2026-07-24 13:38:00,1784892180.0,1784893080.0,0.25,13087,runctrl
run_71,acmeshOn_dr700_ri1_0066,neutrons,False,2026-07-24 13:39:00,2026-07-24 13:54:00,1784893140.0,1784894040.0,0.25,13714,runctrl
run_71,acmeshOff_dr700_ri1_0067,neutrons,False,2026-07-24 13:55:00,2026-07-24 14:10:00,1784894100.0,1784895000.0,0.25,14646,runctrl
run_71,acmeshOn_dr700_ri2_0068,neutrons,False,2026-07-24 14:10:00,2026-07-24 14:25:00,1784895000.0,1784895900.0,0.25,14572,runctrl
run_71,acmeshOff_dr700_ri2_0069,neutrons,False,2026-07-24 14:26:00,2026-07-24 14:41:00,1784895960.0,1784896860.0,0.25,14170,runctrl
run_71,acmeshOn_dr700_ri3_0070,neutrons,False,2026-07-24 14:42:00,2026-07-24 14:57:00,1784896920.0,1784897820.0,0.25,12296,runctrl
run_73,cosbounce_r553_c00_000,cosmics,True,2026-07-24 15:45:00,2026-07-24 16:00:00,1784900700.0,1784901600.0,0.25,23075,runctrl
run_73,cosbounce_r538_c00_001,cosmics,True,2026-07-24 16:00:00,2026-07-24 16:15:00,1784901600.0,1784902500.0,0.25,22638,runctrl
run_71,acmeshOff_dr700_ri3_0071,neutrons,False,2026-07-24 16:48:00,2026-07-24 17:03:00,1784904480.0,1784905380.0,0.25,8490,runctrl
run_74,cosbounce_r520_c00_000,cosmics,True,2026-07-24 17:12:00,2026-07-24 17:27:00,1784905920.0,1784906820.0,0.25,22685,runctrl
run_74,cosbounce_r565_c00_001,cosmics,True,2026-07-24 17:28:00,2026-07-24 17:43:00,1784906880.0,1784907780.0,0.25,19068,runctrl
run_75,acmeshOff_dr700_ri0_0000,neutrons,False,2026-07-24 17:55:00,2026-07-24 18:10:00,1784908500.0,1784909400.0,0.25,16288,runctrl
run_75,acmeshOff_dr700_ri1_0001,neutrons,False,2026-07-24 18:11:00,2026-07-24 18:26:00,1784909460.0,1784910360.0,0.25,17047,runctrl
run_75,acmeshOff_dr700_ri2_0002,neutrons,False,2026-07-24 18:27:00,2026-07-24 18:42:00,1784910420.0,1784911320.0,0.25,17072,runctrl
run_75,acmeshOff_dr700_ri3_0003,neutrons,False,2026-07-24 18:43:00,2026-07-24 18:58:00,1784911380.0,1784912280.0,0.25,17079,runctrl
run_75,acmeshOff_dr700_ri4_0004,neutrons,False,2026-07-24 18:59:00,2026-07-24 19:14:00,1784912340.0,1784913240.0,0.25,17030,runctrl
run_75,acmeshOff_dr600_ri0_0005,neutrons,False,2026-07-24 19:15:00,2026-07-24 19:30:00,1784913300.0,1784914200.0,0.25,18763,runctrl
run_75,acmeshOff_dr600_ri1_0006,neutrons,False,2026-07-24 19:31:00,2026-07-24 19:46:00,1784914260.0,1784915160.0,0.25,19304,runctrl
run_75,acmeshOff_dr600_ri2_0007,neutrons,False,2026-07-24 19:46:00,2026-07-24 20:01:00,1784915160.0,1784916060.0,0.25,19220,runctrl
run_75,acmeshOff_dr600_ri3_0008,neutrons,False,2026-07-24 20:02:00,2026-07-24 20:17:00,1784916120.0,1784917020.0,0.25,18804,runctrl
run_75,acmeshOff_dr600_ri4_0009,neutrons,False,2026-07-24 22:26:00,2026-07-24 22:41:00,1784924760.0,1784925660.0,0.25,13660,runctrl
run_75,acmeshOff_dr700_ri0_0010,neutrons,False,2026-07-24 22:42:00,2026-07-24 22:57:00,1784925720.0,1784926620.0,0.25,13529,runctrl
run_75,acmeshOff_dr700_ri1_0011,neutrons,False,2026-07-24 22:58:00,2026-07-24 23:13:00,1784926680.0,1784927580.0,0.25,13540,runctrl
run_75,acmeshOff_dr700_ri2_0012,neutrons,False,2026-07-24 23:13:00,2026-07-24 23:28:00,1784927580.0,1784928480.0,0.25,16244,runctrl
run_75,acmeshOff_dr700_ri3_0013,neutrons,False,2026-07-24 23:29:00,2026-07-24 23:44:00,1784928540.0,1784929440.0,0.25,18046,runctrl
run_75,acmeshOff_dr700_ri4_0014,neutrons,False,2026-07-24 23:45:00,2026-07-25 00:00:00,1784929500.0,1784930400.0,0.25,17808,runctrl
run_75,acmeshOff_dr600_ri0_0015,neutrons,False,2026-07-25 00:00:00,2026-07-25 00:15:00,1784930400.0,1784931300.0,0.25,17567,runctrl
run_75,acmeshOff_dr600_ri1_0016,neutrons,False,2026-07-25 00:16:00,2026-07-25 00:31:00,1784931360.0,1784932260.0,0.25,17796,runctrl
run_75,acmeshOff_dr600_ri2_0017,neutrons,False,2026-07-25 00:31:00,2026-07-25 00:46:00,1784932260.0,1784933160.0,0.25,17830,runctrl
run_75,acmeshOff_dr600_ri3_0018,neutrons,False,2026-07-25 00:47:00,2026-07-25 01:02:00,1784933220.0,1784934120.0,0.25,18023,runctrl
run_75,acmeshOff_dr600_ri4_0019,neutrons,False,2026-07-25 01:03:00,2026-07-25 01:18:00,1784934180.0,1784935080.0,0.25,17893,runctrl
run_75,acmeshOff_dr700_ri0_0020,neutrons,False,2026-07-25 01:19:00,2026-07-25 01:34:00,1784935140.0,1784936040.0,0.25,18012,runctrl
run_75,acmeshOff_dr700_ri1_0021,neutrons,False,2026-07-25 01:34:00,2026-07-25 01:49:00,1784936040.0,1784936940.0,0.25,17946,runctrl
run_75,acmeshOff_dr700_ri2_0022,neutrons,False,2026-07-25 01:50:00,2026-07-25 02:05:00,1784937000.0,1784937900.0,0.25,17911,runctrl
run_75,acmeshOff_dr700_ri3_0023,neutrons,False,2026-07-25 02:05:00,2026-07-25 02:20:00,1784937900.0,1784938800.0,0.25,18120,runctrl
run_75,acmeshOff_dr700_ri4_0024,neutrons,False,2026-07-25 02:21:00,2026-07-25 02:36:00,1784938860.0,1784939760.0,0.25,17989,runctrl
run_75,acmeshOff_dr600_ri0_0025,neutrons,False,2026-07-25 02:37:00,2026-07-25 02:52:00,1784939820.0,1784940720.0,0.25,17861,runctrl
run_75,acmeshOff_dr600_ri1_0026,neutrons,False,2026-07-25 02:52:00,2026-07-25 03:07:00,1784940720.0,1784941620.0,0.25,17932,runctrl
run_75,acmeshOff_dr600_ri2_0027,neutrons,False,2026-07-25 03:08:00,2026-07-25 03:23:00,1784941680.0,1784942580.0,0.25,18013,runctrl
run_75,acmeshOff_dr600_ri3_0028,neutrons,False,2026-07-25 03:23:00,2026-07-25 03:38:00,1784942580.0,1784943480.0,0.25,17983,runctrl
run_75,acmeshOff_dr600_ri4_0029,neutrons,False,2026-07-25 03:39:00,2026-07-25 03:54:00,1784943540.0,1784944440.0,0.25,17863,runctrl
run_75,acmeshOff_dr700_ri0_0030,neutrons,False,2026-07-25 03:55:00,2026-07-25 04:10:00,1784944500.0,1784945400.0,0.25,18020,runctrl
run_75,acmeshOff_dr700_ri1_0031,neutrons,False,2026-07-25 04:11:00,2026-07-25 04:26:00,1784945460.0,1784946360.0,0.25,17961,runctrl
run_75,acmeshOff_dr700_ri2_0032,neutrons,False,2026-07-25 04:26:00,2026-07-25 04:41:00,1784946360.0,1784947260.0,0.25,17922,runctrl
run_75,acmeshOff_dr700_ri3_0033,neutrons,False,2026-07-25 04:42:00,2026-07-25 04:57:00,1784947320.0,1784948220.0,0.25,18018,runctrl
run_75,acmeshOff_dr700_ri4_0034,neutrons,False,2026-07-25 04:58:00,2026-07-25 05:13:00,1784948280.0,1784949180.0,0.25,18018,runctrl
run_75,acmeshOff_dr600_ri0_0035,neutrons,False,2026-07-25 05:13:00,2026-07-25 05:28:00,1784949180.0,1784950080.0,0.25,18014,runctrl
run_75,acmeshOff_dr600_ri1_0036,neutrons,False,2026-07-25 05:29:00,2026-07-25 05:44:00,1784950140.0,1784951040.0,0.25,18018,runctrl
run_75,acmeshOff_dr600_ri2_0037,neutrons,False,2026-07-25 05:44:00,2026-07-25 05:59:00,1784951040.0,1784951940.0,0.25,17992,runctrl
run_75,acmeshOff_dr600_ri3_0038,neutrons,False,2026-07-25 06:00:00,2026-07-25 06:15:00,1784952000.0,1784952900.0,0.25,17941,runctrl
run_75,acmeshOff_dr600_ri4_0039,neutrons,False,2026-07-25 06:16:00,2026-07-25 06:31:00,1784952960.0,1784953860.0,0.25,17838,runctrl
run_75,acmeshOff_dr700_ri0_0040,neutrons,False,2026-07-25 06:32:00,2026-07-25 06:47:00,1784953920.0,1784954820.0,0.25,18111,runctrl
run_75,acmeshOff_dr700_ri1_0041,neutrons,False,2026-07-25 06:47:00,2026-07-25 07:02:00,1784954820.0,1784955720.0,0.25,17740,runctrl
run_75,acmeshOff_dr700_ri2_0042,neutrons,False,2026-07-25 07:03:00,2026-07-25 07:18:00,1784955780.0,1784956680.0,0.25,17983,runctrl
run_75,acmeshOff_dr700_ri3_0043,neutrons,False,2026-07-25 07:18:00,2026-07-25 07:33:00,1784956680.0,1784957580.0,0.25,17251,runctrl
run_75,acmeshOff_dr700_ri4_0044,neutrons,False,2026-07-25 07:34:00,2026-07-25 07:49:00,1784957640.0,1784958540.0,0.25,18008,runctrl
run_75,acmeshOff_dr600_ri0_0045,neutrons,False,2026-07-25 07:50:00,2026-07-25 08:05:00,1784958600.0,1784959500.0,0.25,17908,runctrl
run_75,acmeshOff_dr600_ri1_0046,neutrons,False,2026-07-25 08:05:00,2026-07-25 08:20:00,1784959500.0,1784960400.0,0.25,17944,runctrl
run_75,acmeshOff_dr600_ri2_0047,neutrons,False,2026-07-25 08:21:00,2026-07-25 08:36:00,1784960460.0,1784961360.0,0.25,17707,runctrl
run_75,acmeshOff_dr600_ri3_0048,neutrons,False,2026-07-25 08:37:00,2026-07-25 08:52:00,1784961420.0,1784962320.0,0.25,17507,runctrl
run_75,acmeshOff_dr600_ri4_0049,neutrons,False,2026-07-25 08:52:00,2026-07-25 09:07:00,1784962320.0,1784963220.0,0.25,18052,runctrl
run_75,acmeshOff_dr700_ri0_0050,neutrons,False,2026-07-25 09:08:00,2026-07-25 09:23:00,1784963280.0,1784964180.0,0.25,17715,runctrl
run_75,acmeshOff_dr700_ri1_0051,neutrons,False,2026-07-25 09:24:00,2026-07-25 09:39:00,1784964240.0,1784965140.0,0.25,17855,runctrl
run_75,acmeshOff_dr700_ri2_0052,neutrons,False,2026-07-25 09:39:00,2026-07-25 09:54:00,1784965140.0,1784966040.0,0.25,17927,runctrl
run_75,acmeshOff_dr700_ri3_0053,neutrons,False,2026-07-25 09:55:00,2026-07-25 10:10:00,1784966100.0,1784967000.0,0.25,17835,runctrl
run_75,acmeshOff_dr700_ri4_0054,neutrons,False,2026-07-25 10:11:00,2026-07-25 10:26:00,1784967060.0,1784967960.0,0.25,19291,runctrl
run_75,acmeshOff_dr600_ri0_0055,neutrons,False,2026-07-25 10:26:00,2026-07-25 10:41:00,1784967960.0,1784968860.0,0.25,18395,runctrl
run_75,acmeshOff_dr600_ri1_0056,neutrons,False,2026-07-25 10:42:00,2026-07-25 10:57:00,1784968920.0,1784969820.0,0.25,18253,runctrl
run_75,acmeshOff_dr600_ri2_0057,neutrons,False,2026-07-25 10:58:00,2026-07-25 11:13:00,1784969880.0,1784970780.0,0.25,18225,runctrl
run_75,acmeshOff_dr600_ri3_0058,neutrons,False,2026-07-25 11:13:00,2026-07-25 11:28:00,1784970780.0,1784971680.0,0.25,17896,runctrl
run_75,acmeshOff_dr600_ri4_0059,neutrons,False,2026-07-25 11:29:00,2026-07-25 11:44:00,1784971740.0,1784972640.0,0.25,18083,runctrl
run_76,acmeshOff_dr700_ri0_0000,neutrons,False,2026-07-25 11:53:00,2026-07-25 12:23:00,1784973180.0,1784974980.0,0.5,36513,runctrl
run_76,acmeshOff_dr700_ri1_0001,neutrons,False,2026-07-25 12:24:00,2026-07-25 12:54:00,1784975040.0,1784976840.0,0.5,39650,runctrl
run_76,acmeshOff_dr700_ri2_0002,unknown,False,2026-07-25 12:54:00,2026-07-25 13:54:00,1784976840.0,1784980440.0,1.0,38584,runctrl
run_76,acmeshOff_dr700_ri3_0003,unknown,False,2026-07-25 13:25:00,2026-07-25 14:25:00,1784978700.0,1784982300.0,1.0,39920,runctrl
run_76,acmeshOff_dr700_ri4_0004,neutrons,False,2026-07-25 13:56:00,2026-07-25 14:26:00,1784980560.0,1784982360.0,0.5,39844,runctrl
run_76,acmeshOff_dr600_ri0_0005,neutrons,False,2026-07-25 14:26:00,2026-07-25 14:56:00,1784982360.0,1784984160.0,0.5,39956,runctrl
run_76,acmeshOff_dr600_ri1_0006,neutrons,False,2026-07-25 14:57:00,2026-07-25 15:27:00,1784984220.0,1784986020.0,0.5,39092,runctrl
run_76,acmeshOff_dr600_ri2_0007,neutrons,False,2026-07-25 15:28:00,2026-07-25 15:58:00,1784986080.0,1784987880.0,0.5,37833,runctrl
run_76,acmeshOff_dr600_ri3_0008,neutrons,False,2026-07-25 15:58:00,2026-07-25 16:28:00,1784987880.0,1784989680.0,0.5,38127,runctrl
run_76,acmeshOff_dr600_ri4_0009,neutrons,False,2026-07-25 16:29:00,2026-07-25 16:59:00,1784989740.0,1784991540.0,0.5,38414,runctrl
run_76,acmeshOff_dr700_ri0_0010,unknown,False,2026-07-25 17:00:00,2026-07-25 18:00:00,1784991600.0,1784995200.0,1.0,37955,runctrl
run_76,acmeshOff_dr700_ri1_0011,unknown,False,2026-07-25 17:31:00,2026-07-25 18:31:00,1784993460.0,1784997060.0,1.0,37741,runctrl
run_76,acmeshOff_dr700_ri2_0012,neutrons,False,2026-07-25 18:02:00,2026-07-25 18:32:00,1784995320.0,1784997120.0,0.5,38125,runctrl
run_76,acmeshOff_dr700_ri3_0013,unknown,False,2026-07-25 18:32:00,2026-07-25 19:32:00,1784997120.0,1785000720.0,1.0,38416,runctrl
run_76,acmeshOff_dr700_ri4_0014,neutrons,False,2026-07-25 19:03:00,2026-07-25 19:33:00,1784998980.0,1785000780.0,0.5,38431,runctrl
run_76,acmeshOff_dr600_ri0_0015,unknown,False,2026-07-25 19:34:00,2026-07-25 20:34:00,1785000840.0,1785004440.0,1.0,37829,runctrl
run_76,acmeshOff_dr600_ri1_0016,neutrons,False,2026-07-25 20:05:00,2026-07-25 20:35:00,1785002700.0,1785004500.0,0.5,37519,runctrl
run_76,acmeshOff_dr600_ri2_0017,neutrons,False,2026-07-25 20:35:00,2026-07-25 21:05:00,1785004500.0,1785006300.0,0.5,38152,runctrl
run_76,acmeshOff_dr600_ri3_0018,neutrons,False,2026-07-25 21:06:00,2026-07-25 21:36:00,1785006360.0,1785008160.0,0.5,39740,runctrl
run_76,acmeshOff_dr600_ri4_0019,neutrons,False,2026-07-25 21:37:00,2026-07-25 22:07:00,1785008220.0,1785010020.0,0.5,40478,runctrl
run_76,acmeshOff_dr700_ri0_0020,neutrons,False,2026-07-25 22:08:00,2026-07-25 22:38:00,1785010080.0,1785011880.0,0.5,40206,runctrl
run_76,acmeshOff_dr700_ri1_0021,neutrons,False,2026-07-25 22:38:00,2026-07-25 23:08:00,1785011880.0,1785013680.0,0.5,40017,runctrl
run_76,acmeshOff_dr700_ri2_0022,neutrons,False,2026-07-25 23:09:00,2026-07-25 23:39:00,1785013740.0,1785015540.0,0.5,39667,runctrl
run_76,acmeshOff_dr700_ri3_0023,neutrons,False,2026-07-25 23:40:00,2026-07-26 00:10:00,1785015600.0,1785017400.0,0.5,40104,runctrl
run_76,acmeshOff_dr700_ri4_0024,neutrons,False,2026-07-26 00:10:00,2026-07-26 00:40:00,1785017400.0,1785019200.0,0.5,39664,runctrl
run_76,acmeshOff_dr600_ri0_0025,neutrons,False,2026-07-26 00:41:00,2026-07-26 01:11:00,1785019260.0,1785021060.0,0.5,40084,runctrl
run_76,acmeshOff_dr600_ri1_0026,unknown,False,2026-07-26 01:12:00,2026-07-26 02:12:00,1785021120.0,1785024720.0,1.0,40019,runctrl
run_76,acmeshOff_dr600_ri2_0027,neutrons,False,2026-07-26 01:42:00,2026-07-26 02:12:00,1785022920.0,1785024720.0,0.5,39938,runctrl
run_76,acmeshOff_dr600_ri3_0028,neutrons,False,2026-07-26 02:13:00,2026-07-26 02:43:00,1785024780.0,1785026580.0,0.5,39831,runctrl
run_76,acmeshOff_dr600_ri4_0029,neutrons,False,2026-07-26 02:44:00,2026-07-26 03:14:00,1785026640.0,1785028440.0,0.5,39960,runctrl
run_76,acmeshOff_dr700_ri0_0030,neutrons,False,2026-07-26 03:15:00,2026-07-26 03:45:00,1785028500.0,1785030300.0,0.5,39941,runctrl
run_76,acmeshOff_dr700_ri1_0031,neutrons,False,2026-07-26 03:45:00,2026-07-26 04:15:00,1785030300.0,1785032100.0,0.5,40108,runctrl
run_76,acmeshOff_dr700_ri2_0032,neutrons,False,2026-07-26 04:16:00,2026-07-26 04:46:00,1785032160.0,1785033960.0,0.5,39755,runctrl
run_76,acmeshOff_dr700_ri3_0033,neutrons,False,2026-07-26 04:46:00,2026-07-26 05:16:00,1785033960.0,1785035760.0,0.5,39810,runctrl
run_76,acmeshOff_dr700_ri4_0034,neutrons,False,2026-07-26 05:17:00,2026-07-26 05:47:00,1785035820.0,1785037620.0,0.5,39924,runctrl
run_76,acmeshOff_dr600_ri0_0035,neutrons,False,2026-07-26 05:48:00,2026-07-26 06:18:00,1785037680.0,1785039480.0,0.5,40143,runctrl
run_76,acmeshOff_dr600_ri1_0036,neutrons,False,2026-07-26 06:18:00,2026-07-26 06:48:00,1785039480.0,1785041280.0,0.5,40074,runctrl
run_76,acmeshOff_dr600_ri2_0037,neutrons,False,2026-07-26 06:49:00,2026-07-26 07:19:00,1785041340.0,1785043140.0,0.5,39994,runctrl
run_76,acmeshOff_dr600_ri3_0038,unknown,False,2026-07-26 07:20:00,2026-07-26 08:20:00,1785043200.0,1785046800.0,1.0,34242,runctrl
run_76,acmeshOff_dr600_ri4_0039,neutrons,False,2026-07-26 07:50:00,2026-07-26 08:20:00,1785045000.0,1785046800.0,0.5,34164,runctrl
run_76,acmeshOff_dr700_ri0_0040,neutrons,False,2026-07-26 08:21:00,2026-07-26 08:51:00,1785046860.0,1785048660.0,0.5,36723,runctrl
run_76,acmeshOff_dr700_ri1_0041,neutrons,False,2026-07-26 08:52:00,2026-07-26 09:22:00,1785048720.0,1785050520.0,0.5,37715,runctrl
run_76,acmeshOff_dr700_ri2_0042,neutrons,False,2026-07-26 09:23:00,2026-07-26 09:53:00,1785050580.0,1785052380.0,0.5,38707,runctrl
run_76,acmeshOff_dr700_ri3_0043,neutrons,False,2026-07-26 09:53:00,2026-07-26 10:23:00,1785052380.0,1785054180.0,0.5,38509,runctrl
run_76,acmeshOff_dr700_ri4_0044,neutrons,False,2026-07-26 10:24:00,2026-07-26 10:54:00,1785054240.0,1785056040.0,0.5,36718,runctrl
run_76,acmeshOff_dr600_ri0_0045,neutrons,False,2026-07-26 10:54:00,2026-07-26 11:24:00,1785056040.0,1785057840.0,0.5,36755,runctrl
run_76,acmeshOff_dr600_ri1_0046,neutrons,False,2026-07-26 11:25:00,2026-07-26 11:55:00,1785057900.0,1785059700.0,0.5,33736,runctrl
run_77,stat090_0000,neutrons,False,2026-07-26 11:56:00,2026-07-26 12:56:00,1785059760.0,1785063360.0,1.0,94609,runctrl
run_77,stat090_0001,neutrons,False,2026-07-26 12:56:00,2026-07-26 13:56:00,1785063360.0,1785066960.0,1.0,94526,runctrl
run_77,stat090_0002,neutrons,False,2026-07-26 13:57:00,2026-07-26 14:57:00,1785067020.0,1785070620.0,1.0,87888,runctrl
run_77,stat090_0003,neutrons,False,2026-07-26 14:57:00,2026-07-26 15:57:00,1785070620.0,1785074220.0,1.0,94949,runctrl
run_77,stat090_0004,neutrons,False,2026-07-26 15:58:00,2026-07-26 16:58:00,1785074280.0,1785077880.0,1.0,86291,runctrl
run_77,stat090_0005,neutrons,False,2026-07-26 16:58:00,2026-07-26 17:58:00,1785077880.0,1785081480.0,1.0,17917,runctrl
run_78,stat090_lat033_c0_0000,neutrons,False,2026-07-26 17:22:00,2026-07-26 17:30:00,1785079320.0,1785079800.0,0.1333333333333333,9926,runctrl
run_78,stat090_lat035_c0_0001,neutrons,False,2026-07-26 17:30:00,2026-07-26 17:38:00,1785079800.0,1785080280.0,0.1333333333333333,6086,runctrl
run_78,stat090_lat039_c0_0002,neutrons,False,2026-07-26 17:35:00,2026-07-26 17:43:00,1785080100.0,1785080580.0,0.1333333333333333,2693,runctrl
run_78,stat090_lat043_c0_0003,neutrons,False,2026-07-26 17:38:00,2026-07-26 17:46:00,1785080280.0,1785080760.0,0.1333333333333333,2739,runctrl
run_78,stat090_lat047_c0_0004,neutrons,False,2026-07-26 17:41:00,2026-07-26 17:49:00,1785080460.0,1785080940.0,0.1333333333333333,2593,runctrl
run_78,stat090_lat051_c0_0005,neutrons,False,2026-07-26 17:43:00,2026-07-26 17:51:00,1785080580.0,1785081060.0,0.1333333333333333,2865,runctrl
run_78,stat090_lat033_c1_0006,neutrons,False,2026-07-26 17:46:00,2026-07-26 17:54:00,1785080760.0,1785081240.0,0.1333333333333333,87,runctrl
run_79,stat090_0000,neutrons,False,2026-07-26 18:07:00,2026-07-26 19:07:00,1785082020.0,1785085620.0,1.0,106126,runctrl
run_79,stat090_0001,neutrons,False,2026-07-26 19:07:00,2026-07-26 20:07:00,1785085620.0,1785089220.0,1.0,109354,runctrl
run_79,stat090_0002,neutrons,False,2026-07-26 20:08:00,2026-07-26 21:08:00,1785089280.0,1785092880.0,1.0,109633,runctrl
run_79,stat090_0003,neutrons,False,2026-07-26 21:08:00,2026-07-26 22:08:00,1785092880.0,1785096480.0,1.0,109288,runctrl
run_79,stat090_0004,neutrons,False,2026-07-26 22:09:00,2026-07-26 23:09:00,1785096540.0,1785100140.0,1.0,109655,runctrl
run_79,stat090_0005,neutrons,False,2026-07-26 23:09:00,2026-07-27 00:09:00,1785100140.0,1785103740.0,1.0,109571,runctrl
run_79,stat090_0006,neutrons,False,2026-07-27 00:09:00,2026-07-27 01:09:00,1785103740.0,1785107340.0,1.0,109272,runctrl
run_79,stat090_0007,neutrons,False,2026-07-27 01:10:00,2026-07-27 02:10:00,1785107400.0,1785111000.0,1.0,110041,runctrl
run_79,stat090_0008,neutrons,False,2026-07-27 02:10:00,2026-07-27 03:10:00,1785111000.0,1785114600.0,1.0,112176,runctrl
run_79,stat090_0009,neutrons,False,2026-07-27 03:11:00,2026-07-27 04:11:00,1785114660.0,1785118260.0,1.0,118803,runctrl
run_79,stat090_0010,neutrons,False,2026-07-27 04:11:00,2026-07-27 05:11:00,1785118260.0,1785121860.0,1.0,119167,runctrl
run_79,stat090_0011,neutrons,False,2026-07-27 05:12:00,2026-07-27 06:12:00,1785121920.0,1785125520.0,1.0,118765,runctrl
run_79,stat090_0012,neutrons,False,2026-07-27 06:12:00,2026-07-27 07:12:00,1785125520.0,1785129120.0,1.0,116468,runctrl
run_79,stat090_0013,neutrons,False,2026-07-27 07:13:00,2026-07-27 08:13:00,1785129180.0,1785132780.0,1.0,110163,runctrl
run_79,stat090_0014,neutrons,False,2026-07-27 08:13:00,2026-07-27 09:13:00,1785132780.0,1785136380.0,1.0,111973,runctrl
run_79,stat090_0015,neutrons,False,2026-07-27 09:14:00,2026-07-27 10:14:00,1785136440.0,1785140040.0,1.0,86942,runctrl
run_80,cosbounce_cos_0000,cosmics,True,2026-07-27 10:08:00,2026-07-27 10:23:00,1785139680.0,1785140580.0,0.25,23019,runctrl
run_80,cosbounce_cos_0001,cosmics,True,2026-07-27 10:24:00,2026-07-27 10:39:00,1785140640.0,1785141540.0,0.25,22843,runctrl
run_80,cosbounce_cos_0002,cosmics,True,2026-07-27 10:39:00,2026-07-27 10:54:00,1785141540.0,1785142440.0,0.25,23299,runctrl
run_80,cosbounce_cos_0003,cosmics,True,2026-07-27 10:54:00,2026-07-27 11:09:00,1785142440.0,1785143340.0,0.25,22859,runctrl
run_80,cosbounce_cos_0004,cosmics,True,2026-07-27 11:10:00,2026-07-27 11:25:00,1785143400.0,1785144300.0,0.25,16820,runctrl
run_81,stat090_0000,neutrons,False,2026-07-27 11:28:00,2026-07-27 12:28:00,1785144480.0,1785148080.0,1.0,94596,runctrl
run_81,stat090_0001,neutrons,False,2026-07-27 12:29:00,2026-07-27 13:29:00,1785148140.0,1785151740.0,1.0,41316,runctrl
run_82,stat090_h2i5_0000,neutrons,False,2026-07-27 13:19:00,2026-07-27 13:23:24,1785151140.0,1785151404.0,0.0733333333333333,5505,runctrl
run_82,stat090_h1i2_0001,neutrons,False,2026-07-27 13:24:00,2026-07-27 13:28:24,1785151440.0,1785151704.0,0.0733333333333333,4996,runctrl
run_82,stat090_h2i2_0002,neutrons,False,2026-07-27 13:28:00,2026-07-27 13:32:24,1785151680.0,1785151944.0,0.0733333333333333,5769,runctrl
run_82,stat090_h1i5_0003,neutrons,False,2026-07-27 13:33:00,2026-07-27 13:37:24,1785151980.0,1785152244.0,0.0733333333333333,4614,runctrl
run_82,stat090_h1i5_0004,neutrons,False,2026-07-27 13:38:00,2026-07-27 13:42:24,1785152280.0,1785152544.0,0.0733333333333333,4855,runctrl
run_82,stat090_h2i2_0005,neutrons,False,2026-07-27 13:43:00,2026-07-27 13:47:24,1785152580.0,1785152844.0,0.0733333333333333,5072,runctrl
run_82,stat090_h1i2_0006,neutrons,False,2026-07-27 13:48:00,2026-07-27 13:52:24,1785152880.0,1785153144.0,0.0733333333333333,4543,runctrl
run_82,stat090_h2i5_0007,neutrons,False,2026-07-27 13:53:00,2026-07-27 13:57:24,1785153180.0,1785153444.0,0.0733333333333333,1772,runctrl
run_83,cosbounce_cos_0000,cosmics,True,2026-07-27 14:23:00,2026-07-27 14:38:00,1785154980.0,1785155880.0,0.25,22428,datrun
run_84,stat090_0000,neutrons,False,2026-07-27 14:38:00,2026-07-27 15:38:00,1785155880.0,1785159480.0,1.0,30310,runctrl
run_85,cosbounce_cos_0000,cosmics,True,2026-07-27 15:14:00,2026-07-27 15:29:00,1785158040.0,1785158940.0,0.25,22800,datrun
run_85,cosbounce_cos_0001,cosmics,True,2026-07-27 15:30:00,2026-07-27 15:45:00,1785159000.0,1785159900.0,0.25,7914,datrun
run_86,stat090_0000,neutrons,False,2026-07-27 15:35:00,2026-07-27 16:35:00,1785159300.0,1785162900.0,1.0,52989,runctrl
run_86,stat090_0001,neutrons,False,2026-07-27 16:36:00,2026-07-27 17:36:00,1785162960.0,1785166560.0,1.0,52536,runctrl
run_86,stat090_0002,neutrons,False,2026-07-27 17:36:00,2026-07-27 18:36:00,1785166560.0,1785170160.0,1.0,73816,runctrl
run_86,stat090_0003,neutrons,False,2026-07-27 18:37:00,2026-07-27 19:37:00,1785170220.0,1785173820.0,1.0,97865,runctrl
run_86,stat090_0004,neutrons,False,2026-07-27 19:37:00,2026-07-27 20:37:00,1785173820.0,1785177420.0,1.0,95307,runctrl
run_86,stat090_0005,neutrons,False,2026-07-27 20:38:00,2026-07-27 21:38:00,1785177480.0,1785181080.0,1.0,101479,runctrl
run_86,stat090_0006,neutrons,False,2026-07-27 21:38:00,2026-07-27 22:38:00,1785181080.0,1785184680.0,1.0,100357,runctrl
run_86,stat090_0007,neutrons,False,2026-07-27 22:38:00,2026-07-27 23:38:00,1785184680.0,1785188280.0,1.0,101604,runctrl
run_86,stat090_0008,neutrons,False,2026-07-27 23:39:00,2026-07-28 00:39:00,1785188340.0,1785191940.0,1.0,91966,runctrl
run_87,cosbounce_cos_0000,cosmics,True,2026-07-28 00:40:00,2026-07-28 00:55:00,1785192000.0,1785192900.0,0.25,4662,datrun
run_88,stat090_0000,neutrons,False,2026-07-28 00:43:00,2026-07-28 01:43:00,1785192180.0,1785195780.0,1.0,98452,runctrl
run_88,stat090_0001,neutrons,False,2026-07-28 01:44:00,2026-07-28 02:44:00,1785195840.0,1785199440.0,1.0,94855,runctrl
run_88,stat090_0002,neutrons,False,2026-07-28 02:44:00,2026-07-28 03:44:00,1785199440.0,1785203040.0,1.0,93664,runctrl
run_88,stat090_0003,neutrons,False,2026-07-28 03:44:00,2026-07-28 04:44:00,1785203040.0,1785206640.0,1.0,88821,runctrl
run_88,stat090_0004,neutrons,False,2026-07-28 04:45:00,2026-07-28 05:45:00,1785206700.0,1785210300.0,1.0,72457,runctrl
run_89,cosbounce_cos_0000,cosmics,True,2026-07-28 05:37:00,2026-07-28 05:52:00,1785209820.0,1785210720.0,0.25,22717,datrun
run_89,cosbounce_cos_0001,cosmics,True,2026-07-28 05:52:00,2026-07-28 06:07:00,1785210720.0,1785211620.0,0.25,22582,datrun
run_89,cosbounce_cos_0002,cosmics,True,2026-07-28 06:08:00,2026-07-28 06:23:00,1785211680.0,1785212580.0,0.25,22491,datrun
run_89,cosbounce_cos_0003,cosmics,True,2026-07-28 06:23:00,2026-07-28 06:38:00,1785212580.0,1785213480.0,0.25,22651,datrun
run_89,cosbounce_cos_0004,cosmics,True,2026-07-28 06:38:00,2026-07-28 06:53:00,1785213480.0,1785214380.0,0.25,22608,datrun
run_89,cosbounce_cos_0005,cosmics,True,2026-07-28 06:54:00,2026-07-28 07:09:00,1785214440.0,1785215340.0,0.25,22759,datrun
run_89,cosbounce_cos_0006,cosmics,True,2026-07-28 07:09:00,2026-07-28 07:24:00,1785215340.0,1785216240.0,0.25,22832,datrun
run_89,cosbounce_cos_0007,cosmics,True,2026-07-28 07:24:00,2026-07-28 07:39:00,1785216240.0,1785217140.0,0.25,22419,datrun
run_89,cosbounce_cos_0008,cosmics,True,2026-07-28 07:40:00,2026-07-28 07:55:00,1785217200.0,1785218100.0,0.25,22595,datrun
run_89,cosbounce_cos_0009,cosmics,True,2026-07-28 07:55:00,2026-07-28 08:10:00,1785218100.0,1785219000.0,0.25,22349,datrun
run_89,cosbounce_cos_0010,cosmics,True,2026-07-28 08:11:00,2026-07-28 08:26:00,1785219060.0,1785219960.0,0.25,22260,datrun
run_89,cosbounce_cos_0011,cosmics,True,2026-07-28 08:26:00,2026-07-28 08:41:00,1785219960.0,1785220860.0,0.25,22517,datrun
run_89,cosbounce_cos_0012,cosmics,True,2026-07-28 08:41:00,2026-07-28 08:56:00,1785220860.0,1785221760.0,0.25,22249,datrun
run_89,cosbounce_cos_0013,cosmics,True,2026-07-28 08:57:00,2026-07-28 09:12:00,1785221820.0,1785222720.0,0.25,22363,datrun
run_89,cosbounce_cos_0014,cosmics,True,2026-07-28 09:12:00,2026-07-28 09:27:00,1785222720.0,1785223620.0,0.25,22344,datrun
run_89,cosbounce_cos_0015,cosmics,True,2026-07-28 09:27:00,2026-07-28 09:42:00,1785223620.0,1785224520.0,0.25,22456,datrun
run_89,cosbounce_cos_0016,cosmics,True,2026-07-28 09:43:00,2026-07-28 09:58:00,1785224580.0,1785225480.0,0.25,22425,datrun
run_89,cosbounce_cos_0017,cosmics,True,2026-07-28 09:58:00,2026-07-28 10:13:00,1785225480.0,1785226380.0,0.25,22505,datrun
run_89,cosbounce_cos_0018,cosmics,True,2026-07-28 10:13:00,2026-07-28 10:28:00,1785226380.0,1785227280.0,0.25,22335,datrun
run_89,cosbounce_cos_0019,cosmics,True,2026-07-28 10:29:00,2026-07-28 10:44:00,1785227340.0,1785228240.0,0.25,22380,datrun
run_89,cosbounce_cos_0020,cosmics,True,2026-07-28 10:44:00,2026-07-28 10:59:00,1785228240.0,1785229140.0,0.25,22277,datrun
run_89,cosbounce_cos_0021,cosmics,True,2026-07-28 10:59:00,2026-07-28 11:14:00,1785229140.0,1785230040.0,0.25,21113,datrun
run_90,pulsipd_i5_0000,pulser,False,2026-07-28 11:20:00,2026-07-28 11:20:12,1785230400.0,1785230412.0,0.0033333333333333,3361,datrun
run_90,pulsipd_i4_0001,pulser,False,2026-07-28 11:21:00,2026-07-28 11:21:12,1785230460.0,1785230472.0,0.0033333333333333,3364,datrun
run_90,pulsipd_i2_0003,pulser,False,2026-07-28 11:21:00,2026-07-28 11:21:12,1785230460.0,1785230472.0,0.0033333333333333,3364,datrun
run_90,pulsipd_i3_0002,pulser,False,2026-07-28 11:21:00,2026-07-28 11:21:12,1785230460.0,1785230472.0,0.0033333333333333,3364,datrun
run_90,pulsipd_i1_0005,pulser,False,2026-07-28 11:22:00,2026-07-28 11:22:12,1785230520.0,1785230532.0,0.0033333333333333,3364,datrun
run_90,pulsipd_i2_0006,pulser,False,2026-07-28 11:22:00,2026-07-28 11:22:12,1785230520.0,1785230532.0,0.0033333333333333,3368,datrun
run_90,pulsipd_i1_0004,pulser,False,2026-07-28 11:22:00,2026-07-28 11:22:12,1785230520.0,1785230532.0,0.0033333333333333,3368,datrun
run_90,pulsipd_i3_0007,pulser,False,2026-07-28 11:23:00,2026-07-28 11:23:12,1785230580.0,1785230592.0,0.0033333333333333,3361,datrun
run_90,pulsipd_i4_0008,pulser,False,2026-07-28 11:23:00,2026-07-28 11:23:12,1785230580.0,1785230592.0,0.0033333333333333,3366,datrun
run_90,pulsipd_i5_0009,pulser,False,2026-07-28 11:23:00,2026-07-28 11:23:12,1785230580.0,1785230592.0,0.0033333333333333,3361,datrun
run_90,pulsipd_h2l0i5_0011,pulser,False,2026-07-28 11:24:00,2026-07-28 11:24:12,1785230640.0,1785230652.0,0.0033333333333333,3370,datrun
run_90,pulsipd_h2i5_0010,pulser,False,2026-07-28 11:24:00,2026-07-28 11:24:12,1785230640.0,1785230652.0,0.0033333333333333,3398,datrun
run_90,pulsipd_lt0i5_0012,pulser,False,2026-07-28 11:25:00,2026-07-28 11:25:12,1785230700.0,1785230712.0,0.0033333333333333,28,datrun
run_91,cosbounce_cos_0000,cosmics,True,2026-07-28 11:28:00,2026-07-28 11:43:00,1785230880.0,1785231780.0,0.25,31555,datrun
run_91,cosbounce_cos_0001,cosmics,True,2026-07-28 11:43:00,2026-07-28 11:58:00,1785231780.0,1785232680.0,0.25,5235,datrun
run_92,clamp_base_n20f8_0000,pulser,False,2026-07-28 11:48:00,2026-07-28 11:48:12,1785232080.0,1785232092.0,0.0033333333333333,3358,datrun
run_92,clamp_n10f8_0001,pulser,False,2026-07-28 11:48:00,2026-07-28 11:48:12,1785232080.0,1785232092.0,0.0033333333333333,6768,datrun
run_92,clamp_n40f8_0002,pulser,False,2026-07-28 11:48:00,2026-07-28 11:48:12,1785232080.0,1785232092.0,0.0033333333333333,3366,datrun
run_92,clamp_n20f1_0005,pulser,False,2026-07-28 11:49:00,2026-07-28 11:49:12,1785232140.0,1785232152.0,0.0033333333333333,4822,datrun
run_92,clamp_n20f2_0004,pulser,False,2026-07-28 11:49:00,2026-07-28 11:49:12,1785232140.0,1785232152.0,0.0033333333333333,3411,datrun
run_92,clamp_n20f4_0003,pulser,False,2026-07-28 11:49:00,2026-07-28 11:49:12,1785232140.0,1785232152.0,0.0033333333333333,3395,datrun
run_92,clamp_n20f8_lt0_0006,pulser,False,2026-07-28 11:49:00,2026-07-28 11:49:12,1785232140.0,1785232152.0,0.0033333333333333,28,datrun
run_92,clamp_close_n20f8_0007,pulser,False,2026-07-28 11:50:00,2026-07-28 11:50:12,1785232200.0,1785232212.0,0.0033333333333333,2987,datrun
run_93,cosbounce_cos_0000,cosmics,True,2026-07-28 11:51:00,2026-07-28 12:06:00,1785232260.0,1785233160.0,0.25,5913,datrun
run_94,mpack_mp2888_0001,pulser,False,2026-07-28 12:07:00,2026-07-28 12:07:12,1785233220.0,1785233232.0,0.0033333333333333,2828,datrun
run_94,mpack_mp4888_base_0000,pulser,False,2026-07-28 12:07:00,2026-07-28 12:07:12,1785233220.0,1785233232.0,0.0033333333333333,3362,datrun
run_94,mpack_mp5912_0002,pulser,False,2026-07-28 12:07:00,2026-07-28 12:07:12,1785233220.0,1785233232.0,0.0033333333333333,3395,datrun
run_94,mpack_mp6720_0003,pulser,False,2026-07-28 12:08:00,2026-07-28 12:08:12,1785233280.0,1785233292.0,0.0033333333333333,3419,datrun
run_94,mpack_mpoff_0004,pulser,False,2026-07-28 12:08:00,2026-07-28 12:08:12,1785233280.0,1785233292.0,0.0033333333333333,3015,datrun
run_94,mpack_mp4888_close_0005,pulser,False,2026-07-28 12:09:00,2026-07-28 12:09:12,1785233340.0,1785233352.0,0.0033333333333333,3359,datrun
run_95,cosbounce_cos_0000,cosmics,True,2026-07-28 13:09:00,2026-07-28 13:24:00,1785236940.0,1785237840.0,0.25,1010,datrun
run_96,stat090_0000,neutrons,False,2026-07-28 13:37:00,2026-07-28 14:37:00,1785238620.0,1785242220.0,1.0,78627,runctrl
run_96,stat090_0001,neutrons,False,2026-07-28 14:37:00,2026-07-28 15:37:00,1785242220.0,1785245820.0,1.0,72234,runctrl
run_96,stat090_0002,neutrons,False,2026-07-28 15:38:00,2026-07-28 16:38:00,1785245880.0,1785249480.0,1.0,74243,runctrl
run_96,stat090_0003,neutrons,False,2026-07-28 16:38:00,2026-07-28 17:38:00,1785249480.0,1785253080.0,1.0,71574,runctrl
run_96,stat090_0004,neutrons,False,2026-07-28 17:39:00,2026-07-28 18:39:00,1785253140.0,1785256740.0,1.0,6408,runctrl
run_97,cosbounce_cos_0000,cosmics,True,2026-07-28 17:52:00,2026-07-28 18:07:00,1785253920.0,1785254820.0,0.25,2104,datrun
run_98,stat090_0000,neutrons,False,2026-07-28 17:54:00,2026-07-28 18:54:00,1785254040.0,1785257640.0,1.0,91285,datrun
run_98,stat090_0001,neutrons,False,2026-07-28 18:54:00,2026-07-28 19:54:00,1785257640.0,1785261240.0,1.0,22337,datrun
run_99,cosbounce_cos_0000,cosmics,True,2026-07-28 19:17:00,2026-07-28 19:32:00,1785259020.0,1785259920.0,0.25,16430,datrun
run_100,stat090_0000,neutrons,False,2026-07-28 19:28:00,2026-07-28 20:28:00,1785259680.0,1785263280.0,1.0,100745,datrun
run_100,stat090_0001,neutrons,False,2026-07-28 20:29:00,2026-07-28 21:29:00,1785263340.0,1785266940.0,1.0,100673,datrun
run_100,stat090_0002,neutrons,False,2026-07-28 21:29:00,2026-07-28 22:29:00,1785266940.0,1785270540.0,1.0,85720,datrun
run_100,stat090_0003,neutrons,False,2026-07-28 22:30:00,2026-07-28 23:30:00,1785270600.0,1785274200.0,1.0,87278,datrun
run_100,stat090_0004,neutrons,False,2026-07-28 23:30:00,2026-07-29 00:30:00,1785274200.0,1785277800.0,1.0,101336,datrun
run_100,stat090_0005,neutrons,False,2026-07-29 00:30:00,2026-07-29 01:30:00,1785277800.0,1785281400.0,1.0,100919,datrun
run_100,stat090_0006,neutrons,False,2026-07-29 01:31:00,2026-07-29 02:31:00,1785281460.0,1785285060.0,1.0,100972,datrun
run_100,stat090_0007,neutrons,False,2026-07-29 02:31:00,2026-07-29 03:31:00,1785285060.0,1785288660.0,1.0,101398,datrun
run_100,stat090_0008,neutrons,False,2026-07-29 03:32:00,2026-07-29 04:32:00,1785288720.0,1785292320.0,1.0,100954,datrun
run_100,stat090_0009,neutrons,False,2026-07-29 04:32:00,2026-07-29 05:32:00,1785292320.0,1785295920.0,1.0,98273,datrun
run_100,stat090_0010,neutrons,False,2026-07-29 05:33:00,2026-07-29 06:33:00,1785295980.0,1785299580.0,1.0,105990,datrun
run_100,stat090_0011,neutrons,False,2026-07-29 06:33:00,2026-07-29 07:33:00,1785299580.0,1785303180.0,1.0,104999,datrun
run_100,stat090_0012,neutrons,False,2026-07-29 07:33:00,2026-07-29 08:33:00,1785303180.0,1785306780.0,1.0,99753,datrun
run_100,stat090_0013,neutrons,False,2026-07-29 08:34:00,2026-07-29 09:34:00,1785306840.0,1785310440.0,1.0,91962,datrun
run_100,stat090_0014,neutrons,False,2026-07-29 09:34:00,2026-07-29 10:34:00,1785310440.0,1785314040.0,1.0,55038,datrun
run_101,cosbounce_cos_0000,cosmics,True,2026-07-29 10:16:00,2026-07-29 10:31:00,1785312960.0,1785313860.0,0.25,19724,datrun
run_102,stat090_0000,neutrons,False,2026-07-29 10:30:00,2026-07-29 11:30:00,1785313800.0,1785317400.0,1.0,97217,datrun
run_102,stat090_0001,neutrons,False,2026-07-29 11:30:00,2026-07-29 12:30:00,1785317400.0,1785321000.0,1.0,103355,datrun
run_102,stat090_0002,neutrons,False,2026-07-29 12:31:00,2026-07-29 13:31:00,1785321060.0,1785324660.0,1.0,103563,datrun
run_102,stat090_0003,neutrons,False,2026-07-29 13:31:00,2026-07-29 14:31:00,1785324660.0,1785328260.0,1.0,54341,datrun
run_103,cosbounce_cos_0000,cosmics,True,2026-07-29 14:25:00,2026-07-29 14:40:00,1785327900.0,1785328800.0,0.25,22354,datrun
run_103,cosbounce_cos_0001,cosmics,True,2026-07-29 14:40:00,2026-07-29 14:55:00,1785328800.0,1785329700.0,0.25,22662,datrun
run_103,cosbounce_cos_0002,cosmics,True,2026-07-29 14:55:00,2026-07-29 15:10:00,1785329700.0,1785330600.0,0.25,22545,datrun
run_103,cosbounce_cos_0003,cosmics,True,2026-07-29 15:11:00,2026-07-29 15:26:00,1785330660.0,1785331560.0,0.25,22659,datrun
run_103,cosbounce_cos_0004,cosmics,True,2026-07-29 15:26:00,2026-07-29 15:41:00,1785331560.0,1785332460.0,0.25,22603,datrun
run_103,cosbounce_cos_0005,cosmics,True,2026-07-29 15:42:00,2026-07-29 15:57:00,1785332520.0,1785333420.0,0.25,22429,datrun
run_103,cosbounce_cos_0006,cosmics,True,2026-07-29 15:57:00,2026-07-29 16:12:00,1785333420.0,1785334320.0,0.25,22492,datrun
run_103,cosbounce_cos_0007,cosmics,True,2026-07-29 16:13:00,2026-07-29 16:28:00,1785334380.0,1785335280.0,0.25,22600,datrun
run_103,cosbounce_cos_0008,cosmics,True,2026-07-29 16:28:00,2026-07-29 16:43:00,1785335280.0,1785336180.0,0.25,22533,datrun
run_103,cosbounce_cos_0009,cosmics,True,2026-07-29 16:43:00,2026-07-29 16:58:00,1785336180.0,1785337080.0,0.25,22305,datrun
run_103,cosbounce_cos_0010,cosmics,True,2026-07-29 16:59:00,2026-07-29 17:14:00,1785337140.0,1785338040.0,0.25,22434,datrun
run_103,cosbounce_cos_0011,cosmics,True,2026-07-29 17:14:00,2026-07-29 17:29:00,1785338040.0,1785338940.0,0.25,22503,datrun
run_103,cosbounce_cos_0012,cosmics,True,2026-07-29 17:30:00,2026-07-29 17:45:00,1785339000.0,1785339900.0,0.25,22669,datrun
run_103,cosbounce_cos_0013,cosmics,True,2026-07-29 17:46:00,2026-07-29 18:01:00,1785339960.0,1785340860.0,0.25,22192,datrun
run_103,cosbounce_cos_0014,cosmics,True,2026-07-29 18:01:00,2026-07-29 18:16:00,1785340860.0,1785341760.0,0.25,22421,datrun
run_103,cosbounce_cos_0015,cosmics,True,2026-07-29 18:17:00,2026-07-29 18:32:00,1785341820.0,1785342720.0,0.25,22608,datrun
run_103,cosbounce_cos_0016,cosmics,True,2026-07-29 18:32:00,2026-07-29 18:47:00,1785342720.0,1785343620.0,0.25,22189,datrun
