wall,thr_mV,eff_g1,eff_g2,eff_g3,eff_g4,min_eff,pur_g1,pur_g2,pur_g3,pur_g4,pairs_per_bunch,pairs_per_bunch_dup_unfixed
A,0.5,1.0000,1.0000,1.0000,1.0000,1.0000,0.918,0.926,0.923,0.919,2538.7,2967.2
A,1.5,1.0000,1.0000,1.0000,1.0000,1.0000,0.918,0.926,0.923,0.919,2538.7,2967.2
A,2.5,1.0000,1.0000,1.0000,1.0000,1.0000,0.918,0.926,0.923,0.919,2538.7,2967.2
A,3.5,1.0000,1.0000,1.0000,1.0000,1.0000,0.918,0.926,0.923,0.919,2538.7,2967.2
A,4.5,1.0000,1.0000,1.0000,1.0000,1.0000,0.918,0.926,0.923,0.919,2538.7,2967.2
A,5.5,1.0000,1.0000,1.0000,1.0000,1.0000,0.918,0.926,0.923,0.919,2538.4,2966.9
A,6.5,1.0000,1.0000,1.0000,1.0000,1.0000,0.918,0.927,0.924,0.920,2537.5,2966.0
A,7.5,0.9999,0.9999,0.9999,0.9999,0.9999,0.918,0.927,0.924,0.920,2536.1,2964.6
A,8.5,0.9991,0.9997,0.9994,0.9992,0.9991,0.919,0.927,0.925,0.921,2533.3,2961.8
A,9.5,0.9955,0.9990,0.9979,0.9972,0.9955,0.919,0.928,0.925,0.922,2526.2,2954.4
A,10.5,0.9876,0.9978,0.9941,0.9932,0.9876,0.920,0.928,0.927,0.925,2511.6,2939.0
A,11.5,0.9742,0.9959,0.9876,0.9864,0.9742,0.921,0.929,0.929,0.930,2487.2,2913.1
A,12.5,0.9584,0.9931,0.9789,0.9778,0.9584,0.924,0.932,0.933,0.936,2454.2,2877.6
A,13.5,0.9417,0.9886,0.9689,0.9677,0.9417,0.928,0.935,0.938,0.943,2415.6,2835.5
A,14.5,0.9263,0.9825,0.9587,0.9573,0.9263,0.934,0.939,0.944,0.950,2374.6,2790.1
A,15.5,0.9126,0.9756,0.9489,0.9471,0.9126,0.940,0.944,0.950,0.957,2333.2,2743.6
A,16.5,0.9001,0.9685,0.9394,0.9368,0.9001,0.948,0.950,0.957,0.965,2291.9,2696.4
A,17.5,0.8883,0.9611,0.9298,0.9271,0.8883,0.956,0.956,0.964,0.973,2251.2,2649.5
A,18.5,0.8773,0.9534,0.9210,0.9174,0.8773,0.964,0.962,0.971,0.982,2211.1,2602.6
A,19.5,0.8670,0.9458,0.9122,0.9078,0.8670,0.973,0.969,0.979,0.991,2171.2,2555.8
A,20.5,0.8575,0.9382,0.9037,0.8984,0.8575,0.982,0.976,0.987,1.000,2131.9,2509.6
A,21.5,0.8481,0.9308,0.8954,0.8895,0.8481,0.991,0.983,0.995,1.000,2093.3,2464.0
A,22.5,0.8390,0.9236,0.8871,0.8803,0.8390,1.000,0.991,1.000,1.000,2054.9,2419.0
A,23.5,0.8303,0.9165,0.8793,0.8716,0.8303,1.000,1.000,1.000,1.000,2017.5,2375.2
A,24.5,0.8220,0.9093,0.8714,0.8628,0.8220,1.000,1.000,1.000,1.000,1981.1,2332.4
A,25.5,0.8136,0.9021,0.8638,0.8544,0.8136,1.000,1.000,1.000,1.000,1946.0,2291.3
A,26.5,0.8054,0.8949,0.8559,0.8459,0.8054,1.000,1.000,1.000,1.000,1912.5,2251.8
A,27.5,0.7972,0.8878,0.8485,0.8377,0.7972,1.000,1.000,1.000,1.000,1880.7,2214.3
A,28.5,0.7893,0.8807,0.8409,0.8293,0.7893,1.000,1.000,1.000,1.000,1850.5,2178.4
A,29.5,0.7811,0.8737,0.8332,0.8211,0.7811,1.000,1.000,1.000,1.000,1821.7,2143.9
A,30.5,0.7727,0.8669,0.8260,0.8128,0.7727,1.000,1.000,1.000,1.000,1794.5,2111.0
A,31.5,0.7645,0.8597,0.8185,0.8046,0.7645,1.000,1.000,1.000,1.000,1768.4,2079.2
A,32.5,0.7562,0.8524,0.8110,0.7961,0.7562,1.000,1.000,1.000,1.000,1743.1,2048.3
A,33.5,0.7478,0.8455,0.8035,0.7870,0.7478,1.000,1.000,1.000,1.000,1718.7,2018.1
A,34.5,0.7387,0.8384,0.7956,0.7773,0.7387,1.000,1.000,1.000,1.000,1694.9,1988.5
A,35.5,0.7289,0.8308,0.7877,0.7672,0.7289,1.000,1.000,1.000,1.000,1671.4,1959.2
A,36.5,0.7183,0.8230,0.7798,0.7558,0.7183,1.000,1.000,1.000,1.000,1648.2,1930.2
A,37.5,0.7073,0.8143,0.7710,0.7433,0.7073,1.000,1.000,1.000,1.000,1625.2,1901.3
A,38.5,0.6954,0.8049,0.7613,0.7298,0.6954,1.000,1.000,1.000,1.000,1602.0,1872.3
A,39.5,0.6832,0.7949,0.7505,0.7148,0.6832,1.000,1.000,1.000,1.000,1578.7,1843.2
A,40.5,0.6699,0.7836,0.7390,0.6988,0.6699,1.000,1.000,1.000,1.000,1555.2,1813.9
A,41.5,0.6559,0.7716,0.7265,0.6818,0.6559,1.000,1.000,1.000,1.000,1531.6,1784.6
A,42.5,0.6409,0.7582,0.7130,0.6644,0.6409,1.000,1.000,1.000,1.000,1507.6,1754.9
A,43.5,0.6259,0.7438,0.6986,0.6470,0.6259,1.000,1.000,1.000,1.000,1483.5,1725.3
A,44.5,0.6100,0.7289,0.6834,0.6293,0.6100,1.000,1.000,1.000,1.000,1459.0,1695.3
A,45.5,0.5944,0.7128,0.6675,0.6112,0.5944,1.000,1.000,1.000,1.000,1434.3,1665.3
A,46.5,0.5785,0.6964,0.6511,0.5935,0.5785,1.000,1.000,1.000,1.000,1409.6,1635.3
A,47.5,0.5625,0.6795,0.6347,0.5758,0.5625,1.000,1.000,1.000,1.000,1384.8,1605.2
A,48.5,0.5462,0.6624,0.6180,0.5584,0.5462,1.000,1.000,1.000,0.999,1359.8,1575.1
A,49.5,0.5308,0.6450,0.6016,0.5417,0.5308,1.000,1.000,1.000,0.989,1335.0,1545.2
A,50.5,0.5152,0.6279,0.5852,0.5254,0.5152,0.999,1.000,1.000,0.978,1310.3,1515.5
A,51.5,0.4998,0.6110,0.5689,0.5100,0.4998,0.989,1.000,1.000,0.968,1285.5,1485.9
A,52.5,0.4849,0.5944,0.5531,0.4943,0.4849,0.980,0.996,1.000,0.958,1260.9,1456.6
A,53.5,0.4705,0.5778,0.5373,0.4794,0.4705,0.972,0.986,0.990,0.948,1236.5,1427.5
A,54.5,0.4564,0.5615,0.5219,0.4651,0.4564,0.963,0.976,0.980,0.940,1212.2,1398.6
A,55.5,0.4424,0.5457,0.5070,0.4511,0.4424,0.954,0.966,0.970,0.930,1188.3,1370.2
A,56.5,0.4293,0.5303,0.4929,0.4382,0.4293,0.946,0.956,0.961,0.923,1164.8,1342.3
A,57.5,0.4167,0.5152,0.4790,0.4251,0.4167,0.938,0.947,0.952,0.915,1141.5,1314.6
A,58.5,0.4041,0.5005,0.4657,0.4122,0.4041,0.930,0.937,0.944,0.906,1118.4,1287.4
A,59.5,0.3920,0.4865,0.4524,0.4000,0.3920,0.922,0.929,0.935,0.899,1095.7,1260.5
A,60.5,0.3806,0.4724,0.4397,0.3880,0.3806,0.916,0.920,0.927,0.891,1073.1,1233.9
A,61.5,0.3696,0.4588,0.4274,0.3767,0.3696,0.909,0.911,0.919,0.884,1051.1,1208.0
A,62.5,0.3587,0.4459,0.4155,0.3655,0.3587,0.902,0.903,0.911,0.877,1029.3,1182.4
A,63.5,0.3479,0.4336,0.4040,0.3547,0.3479,0.895,0.896,0.904,0.870,1007.9,1157.2
A,64.5,0.3379,0.4217,0.3930,0.3442,0.3379,0.889,0.888,0.897,0.864,986.8,1132.5
A,65.5,0.3281,0.4099,0.3823,0.3340,0.3281,0.883,0.881,0.890,0.857,966.1,1108.3
A,66.5,0.3187,0.3987,0.3718,0.3247,0.3187,0.877,0.875,0.884,0.852,945.8,1084.6
A,67.5,0.3096,0.3875,0.3616,0.3155,0.3096,0.871,0.868,0.877,0.847,925.8,1061.2
A,68.5,0.3008,0.3769,0.3514,0.3066,0.3008,0.865,0.861,0.870,0.841,906.3,1038.5
A,69.5,0.2920,0.3665,0.3420,0.2977,0.2920,0.859,0.854,0.864,0.835,887.2,1016.1
A,70.5,0.2837,0.3563,0.3327,0.2892,0.2837,0.854,0.847,0.858,0.830,868.3,994.2
A,71.5,0.2757,0.3467,0.3239,0.2810,0.2757,0.849,0.841,0.853,0.825,850.0,972.8
A,72.5,0.2679,0.3373,0.3151,0.2733,0.2679,0.843,0.835,0.847,0.821,832.0,951.9
A,73.5,0.2604,0.3283,0.3068,0.2654,0.2604,0.839,0.830,0.842,0.815,814.3,931.3
A,74.5,0.2533,0.3195,0.2984,0.2582,0.2533,0.834,0.824,0.836,0.811,797.1,911.3
A,75.5,0.2465,0.3106,0.2906,0.2512,0.2465,0.830,0.818,0.831,0.807,780.2,891.8
A,76.5,0.2399,0.3024,0.2829,0.2442,0.2399,0.826,0.813,0.826,0.801,763.7,872.7
A,77.5,0.2333,0.2945,0.2758,0.2376,0.2333,0.822,0.808,0.822,0.798,747.6,854.0
A,78.5,0.2270,0.2869,0.2689,0.2313,0.2270,0.818,0.803,0.818,0.794,731.9,835.8
A,79.5,0.2207,0.2794,0.2617,0.2250,0.2207,0.813,0.798,0.812,0.790,716.4,817.9
A,80.5,0.2149,0.2724,0.2552,0.2191,0.2149,0.810,0.794,0.808,0.786,701.3,800.4
A,81.5,0.2091,0.2652,0.2486,0.2133,0.2091,0.805,0.789,0.804,0.783,686.6,783.3
A,82.5,0.2034,0.2586,0.2424,0.2078,0.2034,0.801,0.785,0.800,0.779,672.2,766.7
A,83.5,0.1982,0.2519,0.2364,0.2022,0.1982,0.798,0.780,0.796,0.775,658.2,750.6
A,84.5,0.1930,0.2456,0.2307,0.1970,0.1930,0.794,0.776,0.793,0.772,644.6,734.8
A,85.5,0.1880,0.2393,0.2248,0.1920,0.1880,0.790,0.772,0.789,0.768,631.2,719.3
A,86.5,0.1832,0.2331,0.2193,0.1870,0.1832,0.787,0.768,0.785,0.765,618.0,704.1
A,87.5,0.1785,0.2275,0.2141,0.1821,0.1785,0.783,0.764,0.782,0.761,605.3,689.5
A,88.5,0.1741,0.2216,0.2088,0.1775,0.1741,0.781,0.760,0.778,0.758,592.8,675.1
A,89.5,0.1697,0.2160,0.2038,0.1731,0.1697,0.778,0.755,0.775,0.755,580.8,661.2
A,90.5,0.1655,0.2107,0.1988,0.1688,0.1655,0.775,0.752,0.772,0.752,568.9,647.5
A,91.5,0.1612,0.2055,0.1939,0.1645,0.1612,0.771,0.748,0.768,0.749,557.2,634.0
A,92.5,0.1572,0.2005,0.1892,0.1604,0.1572,0.768,0.744,0.764,0.746,546.0,621.0
A,93.5,0.1535,0.1957,0.1846,0.1567,0.1535,0.766,0.741,0.761,0.744,534.9,608.3
A,94.5,0.1497,0.1910,0.1801,0.1530,0.1497,0.763,0.738,0.757,0.742,524.1,595.9
A,95.5,0.1462,0.1865,0.1754,0.1492,0.1462,0.761,0.734,0.753,0.739,513.5,583.6
A,96.5,0.1426,0.1822,0.1711,0.1453,0.1426,0.758,0.732,0.749,0.735,503.1,571.7
A,97.5,0.1392,0.1779,0.1670,0.1417,0.1392,0.756,0.729,0.746,0.732,493.0,560.1
A,98.5,0.1360,0.1737,0.1633,0.1383,0.1360,0.754,0.725,0.744,0.730,483.2,548.8
A,99.5,0.1326,0.1697,0.1596,0.1349,0.1326,0.751,0.722,0.741,0.727,473.5,537.6
B,0.5,1.0000,1.0000,1.0000,1.0000,1.0000,0.877,0.866,0.849,0.907,3077.8,3144.7
B,1.5,1.0000,1.0000,1.0000,1.0000,1.0000,0.877,0.866,0.849,0.907,3077.8,3144.7
B,2.5,1.0000,1.0000,1.0000,1.0000,1.0000,0.877,0.866,0.849,0.907,3077.8,3144.7
B,3.5,1.0000,1.0000,1.0000,1.0000,1.0000,0.877,0.866,0.849,0.907,3077.8,3144.7
B,4.5,1.0000,1.0000,1.0000,1.0000,1.0000,0.877,0.866,0.849,0.907,3077.8,3144.7
B,5.5,1.0000,1.0000,1.0000,1.0000,1.0000,0.877,0.866,0.849,0.907,3077.6,3144.5
B,6.5,1.0000,1.0000,1.0000,1.0000,1.0000,0.877,0.867,0.849,0.907,3077.2,3144.0
B,7.5,0.9999,0.9998,0.9997,1.0000,0.9997,0.878,0.867,0.850,0.908,3075.7,3142.6
B,8.5,0.9993,0.9989,0.9984,0.9998,0.9984,0.878,0.868,0.851,0.908,3070.7,3137.5
B,9.5,0.9973,0.9962,0.9945,0.9995,0.9945,0.880,0.870,0.854,0.908,3057.3,3124.1
B,10.5,0.9930,0.9905,0.9868,0.9990,0.9868,0.883,0.874,0.859,0.909,3032.2,3098.7
B,11.5,0.9862,0.9821,0.9765,0.9981,0.9765,0.887,0.880,0.865,0.909,2996.9,3063.1
B,12.5,0.9777,0.9724,0.9656,0.9969,0.9656,0.892,0.886,0.872,0.910,2956.9,3022.7
B,13.5,0.9686,0.9630,0.9550,0.9952,0.9550,0.898,0.893,0.879,0.911,2915.5,2980.9
B,14.5,0.9597,0.9538,0.9450,0.9926,0.9450,0.905,0.900,0.886,0.913,2874.1,2939.0
B,15.5,0.9508,0.9449,0.9354,0.9886,0.9354,0.911,0.907,0.892,0.916,2832.8,2897.3
B,16.5,0.9422,0.9365,0.9268,0.9835,0.9268,0.917,0.914,0.899,0.920,2792.0,2856.0
B,17.5,0.9340,0.9283,0.9187,0.9779,0.9187,0.924,0.920,0.905,0.924,2752.1,2815.6
B,18.5,0.9260,0.9205,0.9108,0.9717,0.9108,0.930,0.927,0.911,0.928,2712.9,2775.9
B,19.5,0.9184,0.9130,0.9035,0.9652,0.9035,0.937,0.933,0.917,0.933,2674.7,2737.2
B,20.5,0.9107,0.9059,0.8965,0.9588,0.8965,0.943,0.939,0.923,0.938,2637.5,2699.5
B,21.5,0.9031,0.8992,0.8897,0.9521,0.8897,0.950,0.946,0.929,0.943,2600.9,2662.3
B,22.5,0.8956,0.8923,0.8829,0.9456,0.8829,0.956,0.952,0.934,0.949,2565.1,2626.0
B,23.5,0.8883,0.8856,0.8765,0.9392,0.8765,0.962,0.959,0.940,0.954,2530.0,2590.4
B,24.5,0.8808,0.8790,0.8701,0.9328,0.8701,0.968,0.965,0.946,0.960,2495.3,2555.1
B,25.5,0.8737,0.8725,0.8639,0.9264,0.8639,0.975,0.972,0.952,0.966,2461.0,2520.2
B,26.5,0.8664,0.8662,0.8577,0.9202,0.8577,0.982,0.978,0.958,0.972,2427.2,2485.9
B,27.5,0.8593,0.8597,0.8517,0.9142,0.8517,0.989,0.985,0.963,0.978,2393.6,2451.7
B,28.5,0.8523,0.8533,0.8456,0.9082,0.8456,0.996,0.991,0.969,0.985,2360.3,2417.8
B,29.5,0.8456,0.8470,0.8395,0.9021,0.8395,1.000,0.998,0.975,0.991,2327.2,2384.2
B,30.5,0.8389,0.8409,0.8334,0.8961,0.8334,1.000,1.000,0.982,0.998,2294.3,2350.7
B,31.5,0.8323,0.8346,0.8278,0.8900,0.8278,1.000,1.000,0.989,1.000,2261.7,2317.4
B,32.5,0.8256,0.8285,0.8218,0.8841,0.8218,1.000,1.000,0.996,1.000,2229.6,2284.8
B,33.5,0.8190,0.8226,0.8159,0.8781,0.8159,1.000,1.000,1.000,1.000,2197.8,2252.4
B,34.5,0.8122,0.8165,0.8102,0.8720,0.8102,1.000,1.000,1.000,1.000,2166.8,2220.7
B,35.5,0.8058,0.8105,0.8041,0.8660,0.8041,1.000,1.000,1.000,1.000,2136.2,2189.6
B,36.5,0.7992,0.8047,0.7983,0.8599,0.7983,1.000,1.000,1.000,1.000,2106.6,2159.5
B,37.5,0.7925,0.7985,0.7926,0.8537,0.7925,1.000,1.000,1.000,1.000,2077.8,2130.0
B,38.5,0.7860,0.7926,0.7869,0.8481,0.7860,1.000,1.000,1.000,1.000,2050.4,2102.0
B,39.5,0.7798,0.7865,0.7813,0.8425,0.7798,1.000,1.000,1.000,1.000,2024.3,2075.4
B,40.5,0.7736,0.7803,0.7757,0.8366,0.7736,1.000,1.000,1.000,1.000,1999.6,2050.0
B,41.5,0.7672,0.7740,0.7704,0.8310,0.7672,1.000,1.000,1.000,1.000,1975.9,2025.7
B,42.5,0.7609,0.7676,0.7650,0.8251,0.7609,1.000,1.000,1.000,1.000,1953.2,2002.5
B,43.5,0.7547,0.7610,0.7598,0.8196,0.7547,1.000,1.000,1.000,1.000,1931.5,1980.2
B,44.5,0.7485,0.7542,0.7546,0.8140,0.7485,1.000,1.000,1.000,1.000,1910.6,1958.7
B,45.5,0.7421,0.7472,0.7493,0.8083,0.7421,1.000,1.000,1.000,1.000,1890.3,1937.9
B,46.5,0.7355,0.7401,0.7442,0.8030,0.7355,1.000,1.000,1.000,1.000,1870.5,1917.5
B,47.5,0.7282,0.7329,0.7392,0.7976,0.7282,1.000,1.000,1.000,1.000,1851.2,1897.6
B,48.5,0.7208,0.7253,0.7342,0.7918,0.7208,1.000,1.000,1.000,1.000,1832.0,1877.9
B,49.5,0.7128,0.7179,0.7291,0.7863,0.7128,1.000,1.000,1.000,1.000,1813.1,1858.4
B,50.5,0.7037,0.7103,0.7240,0.7801,0.7037,1.000,1.000,1.000,1.000,1794.1,1838.9
B,51.5,0.6946,0.7027,0.7189,0.7741,0.6946,1.000,1.000,1.000,1.000,1775.4,1819.7
B,52.5,0.6853,0.6948,0.7137,0.7675,0.6853,1.000,1.000,1.000,1.000,1756.6,1800.3
B,53.5,0.6749,0.6871,0.7082,0.7607,0.6749,1.000,1.000,1.000,1.000,1737.7,1780.9
B,54.5,0.6642,0.6792,0.7024,0.7535,0.6642,1.000,1.000,1.000,1.000,1718.6,1761.2
B,55.5,0.6530,0.6709,0.6960,0.7454,0.6530,1.000,1.000,1.000,1.000,1699.3,1741.4
B,56.5,0.6417,0.6625,0.6891,0.7366,0.6417,1.000,1.000,1.000,1.000,1679.8,1721.3
B,57.5,0.6298,0.6536,0.6817,0.7275,0.6298,1.000,1.000,1.000,1.000,1659.9,1700.9
B,58.5,0.6184,0.6445,0.6736,0.7177,0.6184,1.000,1.000,1.000,1.000,1639.9,1680.4
B,59.5,0.6062,0.6347,0.6651,0.7070,0.6062,1.000,1.000,1.000,1.000,1619.6,1659.5
B,60.5,0.5941,0.6246,0.6561,0.6958,0.5941,1.000,1.000,1.000,1.000,1598.8,1638.2
B,61.5,0.5818,0.6141,0.6461,0.6841,0.5818,1.000,1.000,1.000,1.000,1577.8,1616.5
B,62.5,0.5693,0.6033,0.6359,0.6723,0.5693,1.000,1.000,1.000,1.000,1556.5,1594.7
B,63.5,0.5568,0.5925,0.6250,0.6602,0.5568,1.000,1.000,1.000,1.000,1535.1,1572.7
B,64.5,0.5445,0.5811,0.6138,0.6478,0.5445,1.000,1.000,1.000,1.000,1513.4,1550.4
B,65.5,0.5323,0.5694,0.6022,0.6349,0.5323,1.000,1.000,1.000,1.000,1491.5,1527.9
B,66.5,0.5202,0.5577,0.5905,0.6221,0.5202,1.000,1.000,1.000,1.000,1469.5,1505.4
B,67.5,0.5082,0.5464,0.5790,0.6095,0.5082,1.000,1.000,1.000,1.000,1447.5,1482.8
B,68.5,0.4964,0.5349,0.5673,0.5969,0.4964,1.000,1.000,1.000,1.000,1425.4,1460.1
B,69.5,0.4849,0.5237,0.5557,0.5843,0.4849,1.000,1.000,1.000,1.000,1403.3,1437.4
B,70.5,0.4733,0.5120,0.5438,0.5715,0.4733,0.998,1.000,1.000,1.000,1381.2,1414.7
B,71.5,0.4623,0.5006,0.5322,0.5588,0.4623,0.992,1.000,1.000,1.000,1359.2,1392.2
B,72.5,0.4514,0.4897,0.5208,0.5465,0.4514,0.986,1.000,1.000,1.000,1337.5,1369.9
B,73.5,0.4408,0.4788,0.5098,0.5342,0.4408,0.981,1.000,1.000,1.000,1315.9,1347.7
B,74.5,0.4306,0.4680,0.4988,0.5221,0.4306,0.975,0.997,1.000,1.000,1294.4,1325.6
B,75.5,0.4206,0.4575,0.4884,0.5105,0.4206,0.970,0.990,1.000,0.998,1273.2,1303.8
B,76.5,0.4103,0.4472,0.4779,0.4994,0.4103,0.963,0.984,0.998,0.993,1252.1,1282.1
B,77.5,0.4009,0.4369,0.4680,0.4885,0.4009,0.958,0.978,0.992,0.987,1231.4,1260.8
B,78.5,0.3915,0.4275,0.4581,0.4778,0.3915,0.953,0.973,0.987,0.982,1210.9,1239.8
B,79.5,0.3824,0.4182,0.4485,0.4672,0.3824,0.948,0.968,0.982,0.976,1190.7,1219.0
B,80.5,0.3738,0.4091,0.4390,0.4569,0.3738,0.944,0.963,0.977,0.971,1170.8,1198.6
B,81.5,0.3655,0.4003,0.4298,0.4469,0.3655,0.940,0.958,0.972,0.965,1151.1,1178.4
B,82.5,0.3572,0.3915,0.4207,0.4370,0.3572,0.936,0.953,0.966,0.960,1131.8,1158.6
B,83.5,0.3493,0.3827,0.4119,0.4276,0.3493,0.932,0.947,0.961,0.955,1112.9,1139.1
B,84.5,0.3415,0.3742,0.4032,0.4187,0.3415,0.928,0.942,0.956,0.951,1094.2,1119.9
B,85.5,0.3336,0.3660,0.3948,0.4097,0.3336,0.923,0.937,0.952,0.946,1075.8,1101.0
B,86.5,0.3260,0.3580,0.3863,0.4009,0.3260,0.919,0.932,0.946,0.941,1057.7,1082.4
B,87.5,0.3189,0.3500,0.3782,0.3925,0.3189,0.915,0.927,0.942,0.937,1039.9,1064.2
B,88.5,0.3123,0.3425,0.3703,0.3840,0.3123,0.913,0.923,0.937,0.932,1022.4,1046.2
B,89.5,0.3052,0.3353,0.3626,0.3759,0.3052,0.908,0.918,0.933,0.928,1005.3,1028.6
B,90.5,0.2986,0.3282,0.3552,0.3678,0.2986,0.905,0.914,0.928,0.923,988.5,1011.3
B,91.5,0.2922,0.3209,0.3481,0.3603,0.2922,0.902,0.909,0.924,0.919,971.9,994.3
B,92.5,0.2860,0.3142,0.3408,0.3528,0.2860,0.899,0.905,0.920,0.916,955.6,977.5
B,93.5,0.2799,0.3076,0.3338,0.3457,0.2799,0.896,0.901,0.916,0.912,939.5,960.9
B,94.5,0.2735,0.3011,0.3270,0.3384,0.2735,0.892,0.897,0.912,0.908,923.6,944.7
B,95.5,0.2677,0.2948,0.3203,0.3313,0.2677,0.889,0.893,0.908,0.904,908.2,928.8
B,96.5,0.2621,0.2884,0.3139,0.3245,0.2621,0.886,0.889,0.904,0.901,893.0,913.2
B,97.5,0.2565,0.2825,0.3076,0.3177,0.2565,0.883,0.885,0.900,0.897,878.0,897.9
B,98.5,0.2514,0.2766,0.3013,0.3112,0.2514,0.881,0.881,0.896,0.893,863.4,882.8
B,99.5,0.2460,0.2710,0.2951,0.3049,0.2460,0.878,0.878,0.892,0.890,848.9,867.9
C,0.5,1.0000,1.0000,1.0000,1.0000,1.0000,0.844,0.839,0.855,0.827,3377.0,3487.2
C,1.5,1.0000,1.0000,1.0000,1.0000,1.0000,0.844,0.839,0.855,0.827,3377.0,3487.2
C,2.5,1.0000,1.0000,1.0000,1.0000,1.0000,0.844,0.839,0.855,0.827,3377.0,3487.2
C,3.5,1.0000,1.0000,1.0000,1.0000,1.0000,0.844,0.839,0.855,0.827,3377.0,3487.2
C,4.5,1.0000,1.0000,1.0000,1.0000,1.0000,0.844,0.839,0.855,0.827,3377.0,3487.1
C,5.5,1.0000,1.0000,1.0000,1.0000,1.0000,0.845,0.839,0.855,0.827,3376.7,3486.9
C,6.5,1.0000,0.9999,1.0000,1.0000,0.9999,0.845,0.839,0.855,0.828,3376.1,3486.2
C,7.5,0.9996,0.9995,0.9998,0.9999,0.9995,0.845,0.839,0.855,0.828,3373.8,3483.9
C,8.5,0.9976,0.9974,0.9988,0.9992,0.9974,0.846,0.841,0.857,0.829,3364.6,3474.7
C,9.5,0.9921,0.9918,0.9954,0.9971,0.9918,0.848,0.844,0.859,0.830,3340.5,3450.4
C,10.5,0.9822,0.9822,0.9888,0.9926,0.9822,0.852,0.849,0.864,0.834,3298.3,3407.7
C,11.5,0.9701,0.9704,0.9797,0.9856,0.9701,0.857,0.855,0.870,0.839,3243.5,3352.4
C,12.5,0.9574,0.9581,0.9692,0.9774,0.9574,0.862,0.862,0.876,0.845,3184.4,3292.6
C,13.5,0.9448,0.9466,0.9590,0.9687,0.9448,0.868,0.869,0.883,0.851,3125.6,3232.9
C,14.5,0.9329,0.9357,0.9489,0.9599,0.9329,0.873,0.875,0.890,0.858,3069.5,3176.1
C,15.5,0.9218,0.9258,0.9393,0.9517,0.9218,0.879,0.881,0.896,0.864,3016.7,3122.5
C,16.5,0.9115,0.9168,0.9305,0.9438,0.9115,0.884,0.887,0.903,0.871,2967.2,3072.1
C,17.5,0.9019,0.9080,0.9222,0.9362,0.9019,0.889,0.893,0.909,0.877,2920.3,3024.4
C,18.5,0.8929,0.8997,0.9144,0.9288,0.8929,0.895,0.899,0.916,0.883,2875.5,2978.7
C,19.5,0.8842,0.8919,0.9066,0.9217,0.8842,0.900,0.904,0.922,0.889,2832.5,2934.9
C,20.5,0.8758,0.8845,0.8991,0.9148,0.8758,0.905,0.910,0.928,0.894,2791.0,2892.6
C,21.5,0.8678,0.8772,0.8917,0.9081,0.8678,0.911,0.915,0.934,0.900,2750.6,2851.4
C,22.5,0.8598,0.8705,0.8846,0.9016,0.8598,0.916,0.921,0.940,0.906,2711.3,2811.1
C,23.5,0.8522,0.8637,0.8775,0.8951,0.8522,0.922,0.927,0.947,0.912,2672.9,2771.8
C,24.5,0.8447,0.8568,0.8708,0.8890,0.8447,0.928,0.933,0.953,0.918,2634.9,2733.0
C,25.5,0.8374,0.8502,0.8643,0.8827,0.8374,0.934,0.938,0.960,0.923,2597.5,2694.7
C,26.5,0.8301,0.8437,0.8576,0.8766,0.8301,0.939,0.944,0.967,0.929,2560.6,2656.8
C,27.5,0.8231,0.8374,0.8510,0.8706,0.8231,0.945,0.951,0.974,0.936,2524.3,2619.6
C,28.5,0.8162,0.8312,0.8445,0.8645,0.8162,0.951,0.957,0.981,0.942,2488.5,2582.8
C,29.5,0.8092,0.8250,0.8380,0.8587,0.8092,0.957,0.964,0.987,0.949,2453.0,2546.4
C,30.5,0.8025,0.8188,0.8317,0.8527,0.8025,0.962,0.971,0.994,0.955,2417.8,2510.3
C,31.5,0.7957,0.8127,0.8254,0.8468,0.7957,0.968,0.979,1.000,0.962,2382.9,2474.4
C,32.5,0.7892,0.8067,0.8194,0.8412,0.7892,0.974,0.987,1.000,0.969,2348.5,2439.0
C,33.5,0.7829,0.8009,0.8133,0.8354,0.7829,0.981,0.995,1.000,0.976,2314.7,2404.2
C,34.5,0.7764,0.7950,0.8073,0.8297,0.7764,0.987,1.000,1.000,0.983,2281.4,2369.8
C,35.5,0.7700,0.7890,0.8011,0.8238,0.7700,0.993,1.000,1.000,0.989,2249.0,2336.5
C,36.5,0.7638,0.7833,0.7951,0.8178,0.7638,0.999,1.000,1.000,0.995,2217.7,2304.1
C,37.5,0.7575,0.7775,0.7892,0.8123,0.7575,1.000,1.000,1.000,1.000,2187.5,2273.0
C,38.5,0.7511,0.7720,0.7832,0.8065,0.7511,1.000,1.000,1.000,1.000,2158.7,2243.2
C,39.5,0.7447,0.7663,0.7769,0.8009,0.7447,1.000,1.000,1.000,1.000,2131.2,2214.7
C,40.5,0.7379,0.7608,0.7708,0.7951,0.7379,1.000,1.000,1.000,1.000,2104.9,2187.4
C,41.5,0.7317,0.7552,0.7645,0.7897,0.7317,1.000,1.000,1.000,1.000,2079.7,2161.3
C,42.5,0.7249,0.7499,0.7581,0.7842,0.7249,1.000,1.000,1.000,1.000,2055.6,2136.1
C,43.5,0.7183,0.7446,0.7514,0.7787,0.7183,1.000,1.000,1.000,1.000,2032.3,2111.9
C,44.5,0.7117,0.7394,0.7445,0.7734,0.7117,1.000,1.000,1.000,1.000,2009.6,2088.2
C,45.5,0.7049,0.7341,0.7375,0.7681,0.7049,1.000,1.000,1.000,1.000,1987.4,2065.1
C,46.5,0.6983,0.7289,0.7299,0.7625,0.6983,1.000,1.000,1.000,1.000,1965.7,2042.5
C,47.5,0.6916,0.7237,0.7222,0.7569,0.6916,1.000,1.000,1.000,1.000,1944.4,2020.2
C,48.5,0.6849,0.7185,0.7142,0.7515,0.6849,1.000,1.000,1.000,1.000,1923.2,1998.0
C,49.5,0.6781,0.7132,0.7055,0.7457,0.6781,1.000,1.000,1.000,1.000,1902.2,1976.1
C,50.5,0.6713,0.7077,0.6967,0.7397,0.6713,1.000,1.000,1.000,1.000,1881.4,1954.3
C,51.5,0.6649,0.7020,0.6877,0.7336,0.6649,1.000,1.000,1.000,1.000,1860.5,1932.5
C,52.5,0.6580,0.6960,0.6785,0.7271,0.6580,1.000,1.000,1.000,1.000,1839.7,1910.7
C,53.5,0.6512,0.6894,0.6687,0.7204,0.6512,1.000,1.000,1.000,1.000,1818.8,1888.9
C,54.5,0.6439,0.6824,0.6592,0.7134,0.6439,1.000,1.000,1.000,1.000,1797.8,1867.0
C,55.5,0.6363,0.6749,0.6494,0.7059,0.6363,1.000,1.000,1.000,1.000,1776.7,1844.9
C,56.5,0.6284,0.6666,0.6395,0.6982,0.6284,1.000,1.000,1.000,1.000,1755.4,1822.6
C,57.5,0.6202,0.6577,0.6293,0.6897,0.6202,1.000,1.000,1.000,1.000,1733.9,1800.2
C,58.5,0.6116,0.6485,0.6188,0.6813,0.6116,1.000,1.000,1.000,1.000,1712.1,1777.5
C,59.5,0.6026,0.6384,0.6082,0.6724,0.6026,1.000,1.000,1.000,1.000,1690.0,1754.4
C,60.5,0.5930,0.6280,0.5974,0.6630,0.5930,1.000,1.000,1.000,1.000,1667.6,1731.1
C,61.5,0.5835,0.6170,0.5866,0.6537,0.5835,1.000,1.000,1.000,1.000,1645.0,1707.5
C,62.5,0.5733,0.6057,0.5754,0.6437,0.5733,1.000,1.000,1.000,1.000,1622.0,1683.6
C,63.5,0.5628,0.5940,0.5641,0.6337,0.5628,1.000,1.000,1.000,1.000,1598.8,1659.4
C,64.5,0.5524,0.5824,0.5534,0.6237,0.5524,1.000,1.000,1.000,1.000,1575.6,1635.3
C,65.5,0.5419,0.5704,0.5421,0.6133,0.5419,1.000,1.000,1.000,1.000,1552.1,1610.8
C,66.5,0.5310,0.5585,0.5309,0.6028,0.5309,1.000,1.000,1.000,1.000,1528.7,1586.4
C,67.5,0.5204,0.5464,0.5199,0.5921,0.5199,1.000,1.000,1.000,1.000,1505.1,1561.9
C,68.5,0.5100,0.5345,0.5089,0.5812,0.5089,1.000,1.000,1.000,1.000,1481.5,1537.3
C,69.5,0.4991,0.5229,0.4980,0.5706,0.4980,1.000,1.000,1.000,1.000,1458.2,1513.0
C,70.5,0.4886,0.5116,0.4874,0.5597,0.4874,1.000,1.000,0.999,1.000,1434.8,1488.5
C,71.5,0.4785,0.5005,0.4771,0.5490,0.4771,1.000,1.000,0.995,1.000,1411.5,1464.3
C,72.5,0.4684,0.4893,0.4668,0.5382,0.4668,1.000,1.000,0.990,1.000,1388.4,1440.2
C,73.5,0.4585,0.4787,0.4568,0.5277,0.4568,1.000,0.996,0.985,1.000,1365.6,1416.6
C,74.5,0.4490,0.4681,0.4469,0.5174,0.4469,0.999,0.990,0.980,1.000,1343.1,1393.1
C,75.5,0.4396,0.4578,0.4372,0.5071,0.4372,0.995,0.984,0.976,1.000,1320.8,1369.9
C,76.5,0.4304,0.4478,0.4278,0.4972,0.4278,0.991,0.979,0.972,0.996,1298.8,1347.0
C,77.5,0.4211,0.4379,0.4187,0.4871,0.4187,0.987,0.974,0.967,0.992,1277.0,1324.3
C,78.5,0.4122,0.4283,0.4096,0.4773,0.4096,0.983,0.969,0.963,0.988,1255.7,1302.1
C,79.5,0.4035,0.4189,0.4007,0.4676,0.4007,0.979,0.964,0.959,0.984,1234.5,1280.1
C,80.5,0.3949,0.4099,0.3920,0.4585,0.3920,0.975,0.959,0.954,0.980,1213.9,1258.5
C,81.5,0.3867,0.4010,0.3836,0.4491,0.3836,0.971,0.954,0.950,0.976,1193.4,1237.2
C,82.5,0.3786,0.3924,0.3756,0.4400,0.3756,0.967,0.950,0.946,0.972,1173.4,1216.4
C,83.5,0.3707,0.3840,0.3676,0.4312,0.3676,0.964,0.945,0.943,0.968,1153.6,1195.7
C,84.5,0.3631,0.3758,0.3599,0.4223,0.3599,0.961,0.941,0.939,0.964,1134.0,1175.4
C,85.5,0.3554,0.3677,0.3524,0.4137,0.3524,0.957,0.937,0.936,0.960,1114.7,1155.3
C,86.5,0.3480,0.3598,0.3449,0.4056,0.3449,0.953,0.932,0.932,0.957,1095.9,1135.7
C,87.5,0.3407,0.3521,0.3374,0.3971,0.3374,0.949,0.928,0.928,0.953,1077.4,1116.3
C,88.5,0.3339,0.3445,0.3305,0.3891,0.3305,0.946,0.924,0.925,0.949,1059.2,1097.4
C,89.5,0.3271,0.3373,0.3236,0.3813,0.3236,0.943,0.920,0.922,0.945,1041.3,1078.8
C,90.5,0.3205,0.3301,0.3167,0.3736,0.3167,0.940,0.916,0.918,0.942,1023.7,1060.4
C,91.5,0.3142,0.3232,0.3100,0.3660,0.3100,0.937,0.912,0.914,0.938,1006.3,1042.4
C,92.5,0.3079,0.3167,0.3035,0.3585,0.3035,0.934,0.909,0.911,0.934,989.3,1024.7
C,93.5,0.3017,0.3102,0.2972,0.3513,0.2972,0.931,0.906,0.908,0.931,972.5,1007.2
C,94.5,0.2957,0.3037,0.2910,0.3444,0.2910,0.929,0.902,0.904,0.928,956.1,990.1
C,95.5,0.2899,0.2973,0.2852,0.3375,0.2852,0.926,0.899,0.902,0.925,940.0,973.3
C,96.5,0.2841,0.2910,0.2793,0.3308,0.2793,0.923,0.895,0.899,0.922,924.1,956.8
C,97.5,0.2785,0.2850,0.2736,0.3243,0.2736,0.920,0.892,0.896,0.919,908.4,940.5
C,98.5,0.2728,0.2791,0.2682,0.3180,0.2682,0.917,0.888,0.893,0.916,893.1,924.5
C,99.5,0.2674,0.2734,0.2629,0.3117,0.2629,0.914,0.885,0.891,0.913,878.0,908.8
D,0.5,1.0000,1.0000,1.0000,1.0000,1.0000,0.868,0.820,0.833,0.911,2672.6,3322.4
D,1.5,1.0000,1.0000,1.0000,1.0000,1.0000,0.868,0.820,0.833,0.911,2672.6,3322.4
D,2.5,1.0000,1.0000,1.0000,1.0000,1.0000,0.868,0.820,0.833,0.911,2672.6,3322.4
D,3.5,1.0000,1.0000,1.0000,1.0000,1.0000,0.868,0.820,0.833,0.911,2672.6,3322.4
D,4.5,1.0000,1.0000,1.0000,1.0000,1.0000,0.868,0.820,0.833,0.911,2672.5,3322.4
D,5.5,1.0000,1.0000,1.0000,1.0000,1.0000,0.868,0.820,0.833,0.911,2672.3,3322.1
D,6.5,1.0000,1.0000,1.0000,0.9999,0.9999,0.868,0.820,0.834,0.911,2671.8,3321.6
D,7.5,0.9998,0.9998,0.9999,0.9997,0.9997,0.868,0.820,0.834,0.912,2670.6,3320.4
D,8.5,0.9995,0.9987,0.9994,0.9990,0.9987,0.869,0.822,0.834,0.912,2666.5,3316.3
D,9.5,0.9988,0.9954,0.9977,0.9971,0.9954,0.869,0.825,0.836,0.914,2656.2,3305.7
D,10.5,0.9976,0.9887,0.9943,0.9935,0.9887,0.870,0.829,0.839,0.917,2636.7,3285.5
D,11.5,0.9952,0.9790,0.9876,0.9876,0.9790,0.871,0.836,0.844,0.922,2606.7,3254.2
D,12.5,0.9913,0.9679,0.9795,0.9793,0.9679,0.873,0.844,0.850,0.930,2568.3,3213.7
D,13.5,0.9857,0.9569,0.9702,0.9697,0.9569,0.877,0.852,0.857,0.938,2525.7,3168.1
D,14.5,0.9783,0.9466,0.9608,0.9596,0.9466,0.881,0.860,0.864,0.947,2482.0,3120.8
D,15.5,0.9706,0.9363,0.9518,0.9498,0.9363,0.886,0.867,0.871,0.957,2438.8,3073.4
D,16.5,0.9628,0.9264,0.9433,0.9395,0.9264,0.891,0.874,0.877,0.966,2396.7,3026.3
D,17.5,0.9549,0.9173,0.9355,0.9293,0.9173,0.896,0.882,0.884,0.976,2356.1,2980.3
D,18.5,0.9473,0.9085,0.9280,0.9193,0.9085,0.901,0.888,0.890,0.987,2316.9,2935.0
D,19.5,0.9399,0.9004,0.9211,0.9098,0.9004,0.907,0.896,0.896,0.998,2279.0,2890.7
D,20.5,0.9325,0.8925,0.9144,0.9001,0.8925,0.912,0.902,0.902,1.000,2242.0,2846.9
D,21.5,0.9253,0.8850,0.9081,0.8902,0.8850,0.917,0.910,0.908,1.000,2206.1,2804.0
D,22.5,0.9181,0.8777,0.9017,0.8806,0.8777,0.922,0.917,0.913,1.000,2171.3,2762.1
D,23.5,0.9112,0.8706,0.8958,0.8713,0.8706,0.927,0.923,0.919,1.000,2137.4,2720.9
D,24.5,0.9045,0.8637,0.8899,0.8616,0.8616,0.933,0.930,0.925,1.000,2105.0,2680.8
D,25.5,0.8975,0.8570,0.8842,0.8525,0.8525,0.938,0.938,0.930,1.000,2073.7,2641.9
D,26.5,0.8908,0.8506,0.8785,0.8431,0.8431,0.943,0.945,0.936,1.000,2043.5,2604.1
D,27.5,0.8843,0.8441,0.8731,0.8339,0.8339,0.949,0.952,0.942,1.000,2014.2,2567.3
D,28.5,0.8777,0.8377,0.8677,0.8249,0.8249,0.955,0.960,0.947,1.000,1985.8,2531.4
D,29.5,0.8712,0.8312,0.8623,0.8159,0.8159,0.960,0.967,0.953,1.000,1958.0,2496.4
D,30.5,0.8645,0.8250,0.8572,0.8072,0.8072,0.966,0.974,0.959,1.000,1930.8,2462.2
D,31.5,0.8581,0.8188,0.8517,0.7977,0.7977,0.972,0.982,0.965,1.000,1903.6,2428.2
D,32.5,0.8522,0.8128,0.8465,0.7883,0.7883,0.978,0.991,0.972,1.000,1876.7,2394.6
D,33.5,0.8460,0.8068,0.8413,0.7783,0.7783,0.984,0.999,0.978,1.000,1850.0,2361.3
D,34.5,0.8399,0.8007,0.8361,0.7675,0.7675,0.991,1.000,0.985,1.000,1823.3,2328.1
D,35.5,0.8335,0.7948,0.8307,0.7559,0.7559,0.997,1.000,0.992,1.000,1796.7,2294.9
D,36.5,0.8274,0.7888,0.8256,0.7429,0.7429,1.000,1.000,0.999,1.000,1770.4,2262.1
D,37.5,0.8215,0.7831,0.8205,0.7286,0.7286,1.000,1.000,1.000,1.000,1744.3,2229.5
D,38.5,0.8151,0.7772,0.8156,0.7132,0.7132,1.000,1.000,1.000,1.000,1718.6,2197.3
D,39.5,0.8092,0.7716,0.8103,0.6961,0.6961,1.000,1.000,1.000,1.000,1693.6,2165.8
D,40.5,0.8031,0.7658,0.8053,0.6781,0.6781,1.000,1.000,1.000,1.000,1669.0,2134.7
D,41.5,0.7969,0.7603,0.8003,0.6590,0.6590,1.000,1.000,1.000,1.000,1645.2,2104.4
D,42.5,0.7905,0.7547,0.7951,0.6400,0.6400,1.000,1.000,1.000,1.000,1622.3,2074.8
D,43.5,0.7840,0.7492,0.7900,0.6204,0.6204,1.000,1.000,1.000,1.000,1600.0,2045.8
D,44.5,0.7778,0.7436,0.7849,0.6007,0.6007,1.000,1.000,1.000,1.000,1578.4,2017.3
D,45.5,0.7715,0.7380,0.7799,0.5814,0.5814,1.000,1.000,1.000,1.000,1557.4,1989.4
D,46.5,0.7651,0.7326,0.7751,0.5623,0.5623,1.000,1.000,1.000,1.000,1536.9,1962.0
D,47.5,0.7591,0.7268,0.7703,0.5437,0.5437,1.000,1.000,1.000,1.000,1517.0,1935.0
D,48.5,0.7533,0.7212,0.7656,0.5250,0.5250,1.000,1.000,1.000,1.000,1497.6,1908.5
D,49.5,0.7473,0.7154,0.7606,0.5074,0.5074,1.000,1.000,1.000,1.000,1478.6,1882.3
D,50.5,0.7414,0.7099,0.7556,0.4902,0.4902,1.000,1.000,1.000,0.991,1459.9,1856.4
D,51.5,0.7352,0.7040,0.7509,0.4736,0.4736,1.000,1.000,1.000,0.982,1441.6,1830.8
D,52.5,0.7295,0.6976,0.7460,0.4575,0.4575,1.000,1.000,1.000,0.973,1423.6,1805.7
D,53.5,0.7234,0.6911,0.7413,0.4425,0.4425,1.000,1.000,1.000,0.965,1405.9,1780.8
D,54.5,0.7175,0.6839,0.7366,0.4274,0.4274,1.000,1.000,1.000,0.956,1388.2,1756.0
D,55.5,0.7117,0.6759,0.7316,0.4137,0.4137,1.000,1.000,1.000,0.949,1370.8,1731.5
D,56.5,0.7054,0.6677,0.7268,0.3999,0.3999,1.000,1.000,1.000,0.942,1353.5,1707.1
D,57.5,0.6993,0.6588,0.7219,0.3872,0.3872,1.000,1.000,1.000,0.935,1336.3,1683.0
D,58.5,0.6929,0.6492,0.7167,0.3750,0.3750,1.000,1.000,1.000,0.930,1319.0,1658.9
D,59.5,0.6855,0.6389,0.7109,0.3629,0.3629,1.000,1.000,1.000,0.923,1301.8,1634.9
D,60.5,0.6780,0.6282,0.7047,0.3515,0.3515,1.000,1.000,1.000,0.918,1284.6,1610.9
D,61.5,0.6702,0.6168,0.6977,0.3402,0.3402,1.000,1.000,1.000,0.911,1267.4,1587.2
D,62.5,0.6621,0.6051,0.6905,0.3294,0.3294,1.000,1.000,1.000,0.906,1250.1,1563.4
D,63.5,0.6534,0.5929,0.6826,0.3194,0.3194,1.000,1.000,1.000,0.901,1232.7,1539.7
D,64.5,0.6446,0.5811,0.6743,0.3090,0.3090,1.000,1.000,1.000,0.894,1215.3,1516.1
D,65.5,0.6351,0.5691,0.6651,0.2993,0.2993,1.000,1.000,1.000,0.889,1197.8,1492.4
D,66.5,0.6254,0.5568,0.6555,0.2905,0.2905,1.000,1.000,1.000,0.885,1180.4,1469.0
D,67.5,0.6154,0.5449,0.6454,0.2817,0.2817,1.000,1.000,1.000,0.881,1162.9,1445.5
D,68.5,0.6053,0.5330,0.6350,0.2731,0.2731,1.000,1.000,1.000,0.876,1145.5,1422.3
D,69.5,0.5948,0.5214,0.6245,0.2646,0.2646,1.000,1.000,1.000,0.871,1128.0,1399.0
D,70.5,0.5844,0.5098,0.6137,0.2566,0.2566,1.000,1.000,1.000,0.866,1110.5,1375.9
D,71.5,0.5739,0.4985,0.6029,0.2489,0.2489,1.000,1.000,1.000,0.862,1093.1,1353.0
D,72.5,0.5634,0.4872,0.5917,0.2418,0.2418,1.000,0.999,1.000,0.859,1075.8,1330.2
D,73.5,0.5531,0.4761,0.5807,0.2349,0.2349,1.000,0.993,1.000,0.856,1058.6,1307.7
D,74.5,0.5423,0.4656,0.5697,0.2281,0.2281,1.000,0.987,1.000,0.852,1041.5,1285.3
D,75.5,0.5314,0.4556,0.5587,0.2214,0.2214,1.000,0.982,1.000,0.848,1024.6,1263.3
D,76.5,0.5212,0.4455,0.5480,0.2149,0.2149,1.000,0.976,1.000,0.844,1007.9,1241.7
D,77.5,0.5115,0.4357,0.5374,0.2089,0.2089,1.000,0.970,1.000,0.841,991.5,1220.3
D,78.5,0.5017,0.4258,0.5268,0.2029,0.2029,1.000,0.964,1.000,0.837,975.2,1199.1
D,79.5,0.4921,0.4167,0.5164,0.1972,0.1972,1.000,0.959,1.000,0.834,959.3,1178.5
D,80.5,0.4823,0.4075,0.5061,0.1913,0.1913,0.997,0.954,1.000,0.829,943.4,1158.1
D,81.5,0.4731,0.3984,0.4965,0.1861,0.1861,0.993,0.948,0.997,0.827,927.9,1138.0
D,82.5,0.4637,0.3896,0.4864,0.1809,0.1809,0.989,0.943,0.991,0.823,912.4,1118.0
D,83.5,0.4545,0.3809,0.4768,0.1762,0.1762,0.984,0.938,0.986,0.821,897.3,1098.5
D,84.5,0.4454,0.3727,0.4674,0.1714,0.1714,0.980,0.933,0.981,0.817,882.4,1079.5
D,85.5,0.4365,0.3648,0.4580,0.1668,0.1668,0.976,0.929,0.975,0.815,867.8,1060.6
D,86.5,0.4279,0.3569,0.4492,0.1624,0.1624,0.971,0.924,0.971,0.812,853.4,1042.2
D,87.5,0.4194,0.3493,0.4403,0.1581,0.1581,0.967,0.920,0.966,0.810,839.2,1024.1
D,88.5,0.4112,0.3419,0.4315,0.1539,0.1539,0.963,0.915,0.961,0.808,825.3,1006.3
D,89.5,0.4032,0.3347,0.4230,0.1500,0.1500,0.959,0.911,0.956,0.806,811.6,988.9
D,90.5,0.3954,0.3277,0.4147,0.1459,0.1459,0.956,0.907,0.951,0.803,798.1,971.7
D,91.5,0.3875,0.3209,0.4067,0.1422,0.1422,0.952,0.903,0.947,0.801,784.8,954.9
D,92.5,0.3799,0.3143,0.3988,0.1385,0.1385,0.947,0.900,0.942,0.798,771.8,938.4
D,93.5,0.3727,0.3077,0.3911,0.1350,0.1350,0.944,0.896,0.938,0.796,759.1,922.2
D,94.5,0.3655,0.3014,0.3836,0.1316,0.1316,0.941,0.892,0.934,0.794,746.6,906.3
D,95.5,0.3587,0.2951,0.3762,0.1284,0.1284,0.938,0.888,0.930,0.792,734.3,890.8
D,96.5,0.3520,0.2892,0.3690,0.1251,0.1251,0.935,0.886,0.926,0.790,722.2,875.5
D,97.5,0.3453,0.2835,0.3621,0.1222,0.1222,0.931,0.883,0.922,0.789,710.3,860.5
D,98.5,0.3389,0.2776,0.3555,0.1192,0.1192,0.928,0.879,0.919,0.788,698.7,845.8
D,99.5,0.3320,0.2721,0.3488,0.1162,0.1162,0.924,0.876,0.915,0.786,687.1,831.3
